Type,N_value,Format,Date1,Date2,Phrase,Addition
5,0,0,2020-08-24T14:52:02.437+05:30,2020-08-24T14:52:02.437+05:30,last year,
1,0,1,176798828-05-16T17:41:23.000+05:30,176798828-05-16T17:41:23.000+05:30,,false,
3,0,2,-116795098-10-12T15:45:20.000+05:53:28,2020-08-24T14:52:02.437+05:30,,
3,0,2,71474323-02-24T19:04:28.000+05:30,2020-08-24T14:52:02.437+05:30,,
5,0,0,2020-08-24T14:52:02.437+05:30,2020-08-24T14:52:02.437+05:30,3 days earlier,
4,0,1,83412568-10-25T09:28:21.000+05:30,2020-08-24T14:52:02.437+05:30,,
5,0,0,2020-08-24T14:52:02.437+05:30,2020-08-24T14:52:02.437+05:30,tomorrow,
5,0,0,2020-08-24T14:52:02.437+05:30,2020-08-24T14:52:02.437+05:30,next year,
4,0,1,-173744737-06-13T03:14:24.000+05:53:28,2020-08-24T14:52:02.437+05:30,,
4,0,1,133829399-11-06T19:20:35.000+05:30,2020-08-24T14:52:02.437+05:30,,
1,0,1,-79192029-07-22T22:46:24.000+05:53:28,-79192029-07-22T22:46:24.000+05:53:28,,true,
1,0,1,-208570993-09-10T08:30:24.000+05:53:28,-208570993-09-10T08:30:24.000+05:53:28,,true,
3,0,1,148380871-06-17T21:00:00.000+05:30,2020-08-24T14:52:02.437+05:30,,
1,0,1,-282073301-09-21T20:05:11.000+05:53:28,-282073301-09-21T20:05:11.000+05:53:28,,true,
4,0,2,-175916293-04-23T22:09:38.000+05:53:28,2020-08-24T14:52:02.437+05:30,,
4,0,1,-288335580-04-28T20:10:01.000+05:53:28,2020-08-24T14:52:02.437+05:30,,
2,398,2,241972033-04-20T09:57:38.000+05:30,2020-08-24T14:52:02.437+05:30,,false,
3,0,2,-194178278-04-17T16:32:34.000+05:53:28,2020-08-24T14:52:02.437+05:30,,
1,0,1,202361293-07-01T23:22:18.000+05:30,202361293-07-01T23:22:18.000+05:30,,false,
1,0,2,124788263-11-18T19:30:33.000+05:30,124788263-11-18T19:30:33.000+05:30,,false,
4,0,2,-144916447-07-10T13:21:30.000+05:53:28,2020-08-24T14:52:02.437+05:30,,
3,0,1,215341277-10-15T22:19:16.000+05:30,2020-08-24T14:52:02.437+05:30,,
2,77,2,64859125-09-27T18:55:45.000+05:30,2020-08-24T14:52:02.437+05:30,,false,
2,157,1,-35148027-09-20T10:20:20.000+05:53:28,2020-08-24T14:52:02.437+05:30,,true,
4,0,1,63095504-07-04T19:37:35.000+05:30,2020-08-24T14:52:02.437+05:30,,
1,0,2,199806786-08-31T19:50:21.000+05:30,199806786-08-31T19:50:21.000+05:30,,false,
3,0,1,139171993-02-01T11:22:20.000+05:30,2020-08-24T14:52:02.437+05:30,,
5,0,0,2020-08-24T14:52:02.437+05:30,2020-08-24T14:52:02.437+05:30,last day,
5,0,0,2020-08-24T14:52:02.437+05:30,2020-08-24T14:52:02.437+05:30,last week,
3,0,2,206200197-05-28T14:16:41.000+05:30,2020-08-24T14:52:02.437+05:30,,
2,792,2,-171332844-09-25T16:52:24.000+05:53:28,2020-08-24T14:52:02.437+05:30,,true,
4,0,1,-207311960-08-03T20:10:06.000+05:53:28,2020-08-24T14:52:02.437+05:30,,
3,0,2,-237644163-11-01T22:00:23.000+05:53:28,2020-08-24T14:52:02.437+05:30,,
5,0,0,2020-08-24T14:52:02.438+05:30,2020-08-24T14:52:02.438+05:30,today,
3,0,1,-1890299-10-18T11:10:55.000+05:53:28,2020-08-24T14:52:02.438+05:30,,
5,0,0,2020-08-24T14:52:02.438+05:30,2020-08-24T14:52:02.438+05:30,last year,
1,0,2,250313167-05-23T17:55:40.000+05:30,250313167-05-23T17:55:40.000+05:30,,false,
5,0,0,2020-08-24T14:52:02.438+05:30,2020-08-24T14:52:02.438+05:30,tomorrow,
1,0,1,178626009-09-18T15:24:52.000+05:30,178626009-09-18T15:24:52.000+05:30,,true,
5,0,0,2020-08-24T14:52:02.438+05:30,2020-08-24T14:52:02.438+05:30,next day,
4,0,1,-161913998-12-26T21:45:30.000+05:53:28,2020-08-24T14:52:02.438+05:30,,
4,0,2,214747181-01-11T14:18:43.000+05:30,2020-08-24T14:52:02.438+05:30,,
2,612,1,-66316782-12-09T08:51:42.000+05:53:28,2020-08-24T14:52:02.438+05:30,,true,
2,471,2,214512708-05-30T15:48:37.000+05:30,2020-08-24T14:52:02.438+05:30,,false,
3,0,2,-135605791-09-08T13:40:02.000+05:53:28,2020-08-24T14:52:02.438+05:30,,
4,0,2,-47667735-10-15T09:17:20.000+05:53:28,2020-08-24T14:52:02.438+05:30,,
1,0,1,40157563-06-02T17:47:54.000+05:30,40157563-06-02T17:47:54.000+05:30,,true,
1,0,1,94090383-12-03T11:11:43.000+05:30,94090383-12-03T11:11:43.000+05:30,,true,
5,0,0,2020-08-24T14:52:02.438+05:30,2020-08-24T14:52:02.438+05:30,next year,
2,296,2,170500306-10-03T20:06:54.000+05:30,2020-08-24T14:52:02.438+05:30,,false,
1,0,1,-187412462-10-31T09:36:46.000+05:53:28,-187412462-10-31T09:36:46.000+05:53:28,,false,
2,820,2,-245316686-06-18T18:23:46.000+05:53:28,2020-08-24T14:52:02.438+05:30,,false,
4,0,1,-112601751-02-07T04:38:10.000+05:53:28,2020-08-24T14:52:02.438+05:30,,
1,0,1,218878061-04-22T21:13:34.000+05:30,218878061-04-22T21:13:34.000+05:30,,true,
3,0,1,-216714699-03-21T22:53:37.000+05:53:28,2020-08-24T14:52:02.438+05:30,,
2,641,2,284197085-11-02T03:04:46.000+05:30,2020-08-24T14:52:02.438+05:30,,false,
1,0,2,-196259561-11-05T21:01:56.000+05:53:28,-196259561-11-05T21:01:56.000+05:53:28,,true,
1,0,1,-209072557-05-11T11:12:19.000+05:53:28,-209072557-05-11T11:12:19.000+05:53:28,,true,
2,407,1,272476762-07-21T23:03:44.000+05:30,2020-08-24T14:52:02.438+05:30,,false,
4,0,2,39478387-03-04T00:47:43.000+05:30,2020-08-24T14:52:02.438+05:30,,
4,0,1,52295117-12-16T20:19:13.000+05:30,2020-08-24T14:52:02.438+05:30,,
2,922,2,-177238522-11-11T17:40:50.000+05:53:28,2020-08-24T14:52:02.438+05:30,,true,
5,0,0,2020-08-24T14:52:02.438+05:30,2020-08-24T14:52:02.438+05:30,tomorrow,
3,0,2,-255075138-04-26T17:02:09.000+05:53:28,2020-08-24T14:52:02.438+05:30,,
3,0,2,-244547099-10-16T03:12:50.000+05:53:28,2020-08-24T14:52:02.438+05:30,,
5,0,0,2020-08-24T14:52:02.438+05:30,2020-08-24T14:52:02.438+05:30,next year,
2,260,2,-186280513-07-03T19:35:20.000+05:53:28,2020-08-24T14:52:02.438+05:30,,true,
3,0,2,214833522-07-25T05:30:07.000+05:30,2020-08-24T14:52:02.438+05:30,,
2,394,1,-63128716-11-12T06:03:09.000+05:53:28,2020-08-24T14:52:02.438+05:30,,true,
1,0,1,-186271550-11-14T08:18:30.000+05:53:28,-186271550-11-14T08:18:30.000+05:53:28,,true,
3,0,1,-158162305-11-28T11:16:28.000+05:53:28,2020-08-24T14:52:02.438+05:30,,
2,497,2,133912049-02-18T15:11:43.000+05:30,2020-08-24T14:52:02.438+05:30,,true,
3,0,1,-191898132-01-06T10:55:04.000+05:53:28,2020-08-24T14:52:02.438+05:30,,
1,0,2,-152709580-01-06T19:26:55.000+05:53:28,-152709580-01-06T19:26:55.000+05:53:28,,false,
2,706,1,-85317757-07-08T12:44:44.000+05:53:28,2020-08-24T14:52:02.438+05:30,,false,
4,0,1,-61399726-10-24T14:08:24.000+05:53:28,2020-08-24T14:52:02.438+05:30,,
5,0,0,2020-08-24T14:52:02.438+05:30,2020-08-24T14:52:02.438+05:30,tomorrow,
1,0,1,213640587-07-07T16:21:51.000+05:30,213640587-07-07T16:21:51.000+05:30,,false,
2,270,2,-74827918-09-06T20:36:03.000+05:53:28,2020-08-24T14:52:02.438+05:30,,true,
5,0,0,2020-08-24T14:52:02.438+05:30,2020-08-24T14:52:02.438+05:30,last year,
3,0,1,-154473026-02-09T20:40:04.000+05:53:28,2020-08-24T14:52:02.438+05:30,,
5,0,0,2020-08-24T14:52:02.438+05:30,2020-08-24T14:52:02.438+05:30,next year,
1,0,2,-180213996-05-10T14:19:46.000+05:53:28,-180213996-05-10T14:19:46.000+05:53:28,,false,
3,0,1,-252786890-09-27T00:34:19.000+05:53:28,2020-08-24T14:52:02.438+05:30,,
5,0,0,2020-08-24T14:52:02.438+05:30,2020-08-24T14:52:02.438+05:30,last year,
2,427,1,-228852126-01-04T22:59:05.000+05:53:28,2020-08-24T14:52:02.438+05:30,,true,
3,0,2,-157161957-12-06T23:15:30.000+05:53:28,2020-08-24T14:52:02.438+05:30,,
4,0,2,200259772-04-09T06:52:58.000+05:30,2020-08-24T14:52:02.438+05:30,,
5,0,0,2020-08-24T14:52:02.438+05:30,2020-08-24T14:52:02.438+05:30,last day,
1,0,1,220295226-12-03T23:23:26.000+05:30,220295226-12-03T23:23:26.000+05:30,,true,
1,0,1,-20567710-01-19T00:09:09.000+05:53:28,-20567710-01-19T00:09:09.000+05:53:28,,false,
2,577,1,-178932409-08-17T14:59:21.000+05:53:28,2020-08-24T14:52:02.438+05:30,,false,
1,0,1,77208013-09-10T20:04:40.000+05:30,77208013-09-10T20:04:40.000+05:30,,true,
2,486,2,-187680886-07-21T22:43:07.000+05:53:28,2020-08-24T14:52:02.438+05:30,,true,
5,0,0,2020-08-24T14:52:02.438+05:30,2020-08-24T14:52:02.438+05:30,last year,
2,37,2,-52667761-05-09T02:57:29.000+05:53:28,2020-08-24T14:52:02.438+05:30,,true,
5,0,0,2020-08-24T14:52:02.438+05:30,2020-08-24T14:52:02.438+05:30,last day,
2,586,1,-143682989-09-24T17:15:41.000+05:53:28,2020-08-24T14:52:02.438+05:30,,false,
5,0,0,2020-08-24T14:52:02.438+05:30,2020-08-24T14:52:02.438+05:30,last week,
5,0,0,2020-08-24T14:52:02.438+05:30,2020-08-24T14:52:02.438+05:30,next month,
3,0,1,121478199-02-18T07:39:15.000+05:30,2020-08-24T14:52:02.438+05:30,,
4,0,1,282241163-02-11T04:51:25.000+05:30,2020-08-24T14:52:02.438+05:30,,
3,0,2,-39973937-05-24T04:16:54.000+05:53:28,2020-08-24T14:52:02.438+05:30,,
5,0,0,2020-08-24T14:52:02.438+05:30,2020-08-24T14:52:02.438+05:30,4 months from now,
5,0,0,2020-08-24T14:52:02.438+05:30,2020-08-24T14:52:02.438+05:30,last day,
5,0,0,2020-08-24T14:52:02.438+05:30,2020-08-24T14:52:02.438+05:30,next month,
1,0,1,6893897-10-07T01:20:01.000+05:30,6893897-10-07T01:20:01.000+05:30,,false,
2,465,2,-227470952-11-05T12:33:29.000+05:53:28,2020-08-24T14:52:02.438+05:30,,false,
5,0,0,2020-08-24T14:52:02.438+05:30,2020-08-24T14:52:02.438+05:30,next year,
2,526,2,-163509607-07-26T20:16:05.000+05:53:28,2020-08-24T14:52:02.438+05:30,,false,
1,0,1,-144859848-03-25T22:25:21.000+05:53:28,-144859848-03-25T22:25:21.000+05:53:28,,true,
3,0,2,167421372-04-13T08:35:10.000+05:30,2020-08-24T14:52:02.439+05:30,,
5,0,0,2020-08-24T14:52:02.439+05:30,2020-08-24T14:52:02.439+05:30,next day,
1,0,1,-156191306-07-28T22:32:03.000+05:53:28,-156191306-07-28T22:32:03.000+05:53:28,,false,
3,0,1,111575291-07-21T07:40:53.000+05:30,2020-08-24T14:52:02.439+05:30,,
5,0,0,2020-08-24T14:52:02.439+05:30,2020-08-24T14:52:02.439+05:30,tomorrow,
3,0,2,-48409127-06-28T06:50:39.000+05:53:28,2020-08-24T14:52:02.439+05:30,,
5,0,0,2020-08-24T14:52:02.439+05:30,2020-08-24T14:52:02.439+05:30,last year,
1,0,2,-291948761-02-17T19:33:55.000+05:53:28,-291948761-02-17T19:33:55.000+05:53:28,,false,
5,0,0,2020-08-24T14:52:02.439+05:30,2020-08-24T14:52:02.439+05:30,last day,
2,110,2,-50865522-01-16T04:08:26.000+05:53:28,2020-08-24T14:52:02.439+05:30,,true,
4,0,1,106870102-04-23T18:56:41.000+05:30,2020-08-24T14:52:02.439+05:30,,
5,0,0,2020-08-24T14:52:02.439+05:30,2020-08-24T14:52:02.439+05:30,last year,
4,0,1,28746062-06-16T03:27:07.000+05:30,2020-08-24T14:52:02.439+05:30,,
2,374,2,112686758-12-18T10:30:13.000+05:30,2020-08-24T14:52:02.439+05:30,,true,
3,0,2,-146989337-12-10T07:55:07.000+05:53:28,2020-08-24T14:52:02.439+05:30,,
5,0,0,2020-08-24T14:52:02.439+05:30,2020-08-24T14:52:02.439+05:30,last week,
5,0,0,2020-08-24T14:52:02.439+05:30,2020-08-24T14:52:02.439+05:30,today,
3,0,1,191949356-09-14T11:53:49.000+05:30,2020-08-24T14:52:02.439+05:30,,
4,0,2,-240957234-08-18T09:48:15.000+05:53:28,2020-08-24T14:52:02.439+05:30,,
1,0,2,115730193-04-11T04:44:42.000+05:30,115730193-04-11T04:44:42.000+05:30,,false,
1,0,2,-224486492-09-16T05:41:59.000+05:53:28,-224486492-09-16T05:41:59.000+05:53:28,,false,
2,927,1,29960183-05-04T02:34:30.000+05:30,2020-08-24T14:52:02.439+05:30,,true,
3,0,1,-3778078-08-03T03:41:30.000+05:53:28,2020-08-24T14:52:02.439+05:30,,
3,0,2,-19394791-11-05T08:09:07.000+05:53:28,2020-08-24T14:52:02.439+05:30,,
4,0,1,229487116-11-08T04:45:43.000+05:30,2020-08-24T14:52:02.439+05:30,,
1,0,2,262729143-06-25T06:57:45.000+05:30,262729143-06-25T06:57:45.000+05:30,,false,
2,75,2,45445986-02-16T10:56:37.000+05:30,2020-08-24T14:52:02.439+05:30,,false,
2,502,2,216899625-09-14T22:55:21.000+05:30,2020-08-24T14:52:02.439+05:30,,true,
1,0,1,-123415476-02-20T13:43:31.000+05:53:28,-123415476-02-20T13:43:31.000+05:53:28,,true,
4,0,1,216431341-05-10T09:31:34.000+05:30,2020-08-24T14:52:02.439+05:30,,
2,415,1,-219958707-06-08T02:20:36.000+05:53:28,2020-08-24T14:52:02.439+05:30,,true,
1,0,1,-69328109-06-10T12:38:34.000+05:53:28,-69328109-06-10T12:38:34.000+05:53:28,,false,
2,431,1,201315467-08-28T20:36:20.000+05:30,2020-08-24T14:52:02.439+05:30,,false,
1,0,1,162573399-02-12T12:32:33.000+05:30,162573399-02-12T12:32:33.000+05:30,,false,
4,0,1,48191955-10-08T16:06:25.000+05:30,2020-08-24T14:52:02.439+05:30,,
3,0,1,255812360-04-06T18:47:18.000+05:30,2020-08-24T14:52:02.439+05:30,,
3,0,2,-280271354-03-09T00:58:08.000+05:53:28,2020-08-24T14:52:02.439+05:30,,
2,513,1,-126516754-07-23T11:01:45.000+05:53:28,2020-08-24T14:52:02.439+05:30,,true,
3,0,2,16964386-12-28T23:53:28.000+05:30,2020-08-24T14:52:02.439+05:30,,
1,0,2,-120928536-01-18T20:07:04.000+05:53:28,-120928536-01-18T20:07:04.000+05:53:28,,true,
3,0,2,193619208-06-29T11:49:00.000+05:30,2020-08-24T14:52:02.439+05:30,,
4,0,1,158251149-09-27T07:49:44.000+05:30,2020-08-24T14:52:02.439+05:30,,
2,522,2,61684891-09-19T04:53:20.000+05:30,2020-08-24T14:52:02.439+05:30,,true,
3,0,2,-3780958-02-25T08:51:25.000+05:53:28,2020-08-24T14:52:02.439+05:30,,
1,0,1,38116363-07-28T15:15:49.000+05:30,38116363-07-28T15:15:49.000+05:30,,true,
3,0,2,70429195-07-11T00:41:13.000+05:30,2020-08-24T14:52:02.439+05:30,,
4,0,1,-34645807-02-28T12:35:04.000+05:53:28,2020-08-24T14:52:02.439+05:30,,
1,0,2,-194945712-08-02T13:47:06.000+05:53:28,-194945712-08-02T13:47:06.000+05:53:28,,false,
2,666,2,-155885295-11-01T01:58:02.000+05:53:28,2020-08-24T14:52:02.439+05:30,,false,
5,0,0,2020-08-24T14:52:02.439+05:30,2020-08-24T14:52:02.439+05:30,next year,
2,230,1,256892532-10-14T22:28:29.000+05:30,2020-08-24T14:52:02.439+05:30,,false,
4,0,2,235954442-12-05T13:18:11.000+05:30,2020-08-24T14:52:02.439+05:30,,
4,0,1,127577698-11-21T11:03:58.000+05:30,2020-08-24T14:52:02.439+05:30,,
4,0,2,206238171-06-25T10:13:01.000+05:30,2020-08-24T14:52:02.439+05:30,,
1,0,1,-103079234-09-07T13:31:14.000+05:53:28,-103079234-09-07T13:31:14.000+05:53:28,,false,
2,513,2,73724228-02-07T05:44:03.000+05:30,2020-08-24T14:52:02.439+05:30,,true,
1,0,1,-9020719-06-29T18:06:50.000+05:53:28,-9020719-06-29T18:06:50.000+05:53:28,,true,
4,0,1,-250710400-12-30T12:05:21.000+05:53:28,2020-08-24T14:52:02.439+05:30,,
1,0,1,142801091-10-27T15:42:29.000+05:30,142801091-10-27T15:42:29.000+05:30,,false,
2,434,1,83925022-12-03T16:04:33.000+05:30,2020-08-24T14:52:02.439+05:30,,true,
2,609,1,49100063-03-03T12:31:43.000+05:30,2020-08-24T14:52:02.439+05:30,,false,
4,0,2,63473314-03-15T09:42:29.000+05:30,2020-08-24T14:52:02.439+05:30,,
5,0,0,2020-08-24T14:52:02.439+05:30,2020-08-24T14:52:02.439+05:30,today,
3,0,1,-58305175-06-15T01:04:47.000+05:53:28,2020-08-24T14:52:02.439+05:30,,
5,0,0,2020-08-24T14:52:02.439+05:30,2020-08-24T14:52:02.439+05:30,last week,
5,0,0,2020-08-24T14:52:02.439+05:30,2020-08-24T14:52:02.439+05:30,next day,
3,0,2,99062500-10-10T12:07:14.000+05:30,2020-08-24T14:52:02.439+05:30,,
2,627,2,139308737-01-18T00:59:29.000+05:30,2020-08-24T14:52:02.439+05:30,,false,
5,0,0,2020-08-24T14:52:02.439+05:30,2020-08-24T14:52:02.439+05:30,3 days earlier,
2,14,2,214935926-06-03T16:22:19.000+05:30,2020-08-24T14:52:02.439+05:30,,true,
3,0,2,1083766-02-26T00:17:29.000+05:30,2020-08-24T14:52:02.439+05:30,,
2,174,2,42204028-01-26T18:24:45.000+05:30,2020-08-24T14:52:02.439+05:30,,true,
2,66,1,-143045650-05-12T19:29:48.000+05:53:28,2020-08-24T14:52:02.439+05:30,,true,
4,0,1,-244826546-08-22T08:17:25.000+05:53:28,2020-08-24T14:52:02.439+05:30,,
2,82,2,-23274358-08-30T06:35:29.000+05:53:28,2020-08-24T14:52:02.439+05:30,,false,
4,0,2,-76959131-09-30T18:17:51.000+05:53:28,2020-08-24T14:52:02.439+05:30,,
4,0,1,142010613-04-22T09:15:03.000+05:30,2020-08-24T14:52:02.439+05:30,,
2,192,1,49783659-03-19T02:37:29.000+05:30,2020-08-24T14:52:02.439+05:30,,false,
1,0,1,-118067914-10-20T12:05:00.000+05:53:28,-118067914-10-20T12:05:00.000+05:53:28,,false,
5,0,0,2020-08-24T14:52:02.439+05:30,2020-08-24T14:52:02.439+05:30,3 days earlier,
3,0,1,100684458-07-13T03:26:04.000+05:30,2020-08-24T14:52:02.439+05:30,,
3,0,1,186475866-07-07T23:41:55.000+05:30,2020-08-24T14:52:02.439+05:30,,
1,0,1,-54953359-12-19T17:58:56.000+05:53:28,-54953359-12-19T17:58:56.000+05:53:28,,false,
1,0,1,253135875-06-08T12:54:46.000+05:30,253135875-06-08T12:54:46.000+05:30,,true,
4,0,1,76635481-02-27T18:32:00.000+05:30,2020-08-24T14:52:02.439+05:30,,
5,0,0,2020-08-24T14:52:02.439+05:30,2020-08-24T14:52:02.439+05:30,next month,
1,0,2,264904391-05-19T16:07:52.000+05:30,264904391-05-19T16:07:52.000+05:30,,true,
2,404,1,223579540-05-10T07:39:33.000+05:30,2020-08-24T14:52:02.439+05:30,,false,
2,506,2,-273825235-05-09T02:45:30.000+05:53:28,2020-08-24T14:52:02.439+05:30,,true,
1,0,2,-125498325-06-25T01:32:48.000+05:53:28,-125498325-06-25T01:32:48.000+05:53:28,,false,
1,0,1,-149534022-03-30T23:59:52.000+05:53:28,-149534022-03-30T23:59:52.000+05:53:28,,false,
4,0,1,136908868-01-16T15:47:09.000+05:30,2020-08-24T14:52:02.440+05:30,,
4,0,2,229979677-03-05T10:06:58.000+05:30,2020-08-24T14:52:02.440+05:30,,
2,928,1,130374339-10-16T02:41:20.000+05:30,2020-08-24T14:52:02.440+05:30,,false,
5,0,0,2020-08-24T14:52:02.440+05:30,2020-08-24T14:52:02.440+05:30,next year,
4,0,1,-250740149-03-27T18:47:29.000+05:53:28,2020-08-24T14:52:02.440+05:30,,
2,612,2,79108084-02-16T14:36:35.000+05:30,2020-08-24T14:52:02.440+05:30,,true,
4,0,1,19595041-11-19T15:27:58.000+05:30,2020-08-24T14:52:02.440+05:30,,
2,497,1,-280880595-02-19T07:29:17.000+05:53:28,2020-08-24T14:52:02.440+05:30,,true,
2,619,1,-271991474-01-20T05:42:16.000+05:53:28,2020-08-24T14:52:02.440+05:30,,true,
5,0,0,2020-08-24T14:52:02.440+05:30,2020-08-24T14:52:02.440+05:30,last day,
1,0,1,82415185-04-04T11:32:30.000+05:30,82415185-04-04T11:32:30.000+05:30,,false,
2,151,1,-137037240-09-23T14:56:54.000+05:53:28,2020-08-24T14:52:02.440+05:30,,true,
1,0,2,58967532-07-06T02:12:44.000+05:30,58967532-07-06T02:12:44.000+05:30,,true,
1,0,2,-151364362-06-18T08:51:58.000+05:53:28,-151364362-06-18T08:51:58.000+05:53:28,,false,
3,0,2,52318962-07-06T22:58:23.000+05:30,2020-08-24T14:52:02.440+05:30,,
4,0,2,-240524408-02-06T04:04:51.000+05:53:28,2020-08-24T14:52:02.440+05:30,,
5,0,0,2020-08-24T14:52:02.440+05:30,2020-08-24T14:52:02.440+05:30,last day,
1,0,1,76052686-10-30T18:37:09.000+05:30,76052686-10-30T18:37:09.000+05:30,,true,
1,0,2,43262099-11-12T14:27:21.000+05:30,43262099-11-12T14:27:21.000+05:30,,false,
2,827,1,-166851655-06-16T06:26:44.000+05:53:28,2020-08-24T14:52:02.440+05:30,,false,
4,0,2,-108943042-10-28T14:27:56.000+05:53:28,2020-08-24T14:52:02.440+05:30,,
5,0,0,2020-08-24T14:52:02.440+05:30,2020-08-24T14:52:02.440+05:30,tomorrow,
1,0,1,156961807-02-10T17:27:05.000+05:30,156961807-02-10T17:27:05.000+05:30,,false,
2,380,2,189690939-04-25T15:51:53.000+05:30,2020-08-24T14:52:02.440+05:30,,true,
4,0,2,-78731592-08-08T19:10:25.000+05:53:28,2020-08-24T14:52:02.440+05:30,,
2,786,2,-184683874-07-08T15:32:10.000+05:53:28,2020-08-24T14:52:02.440+05:30,,false,
3,0,2,-8411295-08-23T01:41:10.000+05:53:28,2020-08-24T14:52:02.440+05:30,,
2,852,1,-139529970-06-26T18:56:43.000+05:53:28,2020-08-24T14:52:02.440+05:30,,true,
3,0,2,-18083707-10-13T21:58:22.000+05:53:28,2020-08-24T14:52:02.440+05:30,,
2,903,2,47456482-01-12T16:21:54.000+05:30,2020-08-24T14:52:02.440+05:30,,false,
3,0,1,-241798427-02-09T22:46:47.000+05:53:28,2020-08-24T14:52:02.440+05:30,,
3,0,1,-76629893-01-22T14:52:54.000+05:53:28,2020-08-24T14:52:02.440+05:30,,
1,0,1,-160923731-02-03T23:02:02.000+05:53:28,-160923731-02-03T23:02:02.000+05:53:28,,true,
2,507,1,-282445332-12-20T21:36:41.000+05:53:28,2020-08-24T14:52:02.440+05:30,,true,
3,0,2,-55913609-10-29T08:07:06.000+05:53:28,2020-08-24T14:52:02.440+05:30,,
3,0,1,-255673792-07-23T18:16:33.000+05:53:28,2020-08-24T14:52:02.440+05:30,,
3,0,1,188188979-01-03T20:54:37.000+05:30,2020-08-24T14:52:02.440+05:30,,
2,254,1,143102029-03-06T21:12:19.000+05:30,2020-08-24T14:52:02.440+05:30,,false,
3,0,2,65980434-01-13T02:06:39.000+05:30,2020-08-24T14:52:02.440+05:30,,
4,0,1,27659776-12-22T10:13:31.000+05:30,2020-08-24T14:52:02.440+05:30,,
1,0,1,285598858-09-25T15:01:07.000+05:30,285598858-09-25T15:01:07.000+05:30,,false,
1,0,1,-226506001-07-09T18:48:13.000+05:53:28,-226506001-07-09T18:48:13.000+05:53:28,,false,
1,0,2,168360341-09-24T20:26:57.000+05:30,168360341-09-24T20:26:57.000+05:30,,false,
3,0,2,289026526-04-11T21:16:53.000+05:30,2020-08-24T14:52:02.440+05:30,,
3,0,2,105208443-04-07T19:03:41.000+05:30,2020-08-24T14:52:02.440+05:30,,
3,0,1,104229452-10-14T06:14:37.000+05:30,2020-08-24T14:52:02.440+05:30,,
2,337,2,105944619-06-14T15:16:12.000+05:30,2020-08-24T14:52:02.440+05:30,,true,
1,0,2,-59459381-09-10T05:07:12.000+05:53:28,-59459381-09-10T05:07:12.000+05:53:28,,false,
4,0,2,-258916621-04-10T21:33:33.000+05:53:28,2020-08-24T14:52:02.440+05:30,,
4,0,1,286379117-08-13T02:11:49.000+05:30,2020-08-24T14:52:02.440+05:30,,
5,0,0,2020-08-24T14:52:02.440+05:30,2020-08-24T14:52:02.440+05:30,last week,
4,0,2,111600025-12-17T11:56:30.000+05:30,2020-08-24T14:52:02.440+05:30,,
3,0,2,-238752231-06-13T13:58:57.000+05:53:28,2020-08-24T14:52:02.440+05:30,,
5,0,0,2020-08-24T14:52:02.440+05:30,2020-08-24T14:52:02.440+05:30,last year,
5,0,0,2020-08-24T14:52:02.440+05:30,2020-08-24T14:52:02.440+05:30,4 months from now,
2,570,2,180656449-06-13T15:38:31.000+05:30,2020-08-24T14:52:02.440+05:30,,true,
2,148,2,274092594-07-06T18:13:02.000+05:30,2020-08-24T14:52:02.440+05:30,,false,
1,0,1,278722009-08-13T09:25:38.000+05:30,278722009-08-13T09:25:38.000+05:30,,false,
2,972,1,75768023-05-21T21:01:50.000+05:30,2020-08-24T14:52:02.440+05:30,,true,
3,0,2,-92623162-06-27T09:02:37.000+05:53:28,2020-08-24T14:52:02.440+05:30,,
5,0,0,2020-08-24T14:52:02.440+05:30,2020-08-24T14:52:02.440+05:30,today,
2,989,2,-50526126-04-26T08:45:05.000+05:53:28,2020-08-24T14:52:02.440+05:30,,false,
1,0,2,186358230-08-30T06:59:40.000+05:30,186358230-08-30T06:59:40.000+05:30,,false,
3,0,1,-258403081-08-06T19:42:00.000+05:53:28,2020-08-24T14:52:02.440+05:30,,
3,0,2,53863272-01-10T16:48:18.000+05:30,2020-08-24T14:52:02.440+05:30,,
4,0,1,274185810-05-26T23:06:29.000+05:30,2020-08-24T14:52:02.440+05:30,,
2,34,1,194803912-01-07T22:29:29.000+05:30,2020-08-24T14:52:02.440+05:30,,false,
1,0,2,19128559-01-07T22:19:09.000+05:30,19128559-01-07T22:19:09.000+05:30,,true,
5,0,0,2020-08-24T14:52:02.440+05:30,2020-08-24T14:52:02.440+05:30,tomorrow,
5,0,0,2020-08-24T14:52:02.440+05:30,2020-08-24T14:52:02.440+05:30,tomorrow,
3,0,1,129593728-06-17T02:15:12.000+05:30,2020-08-24T14:52:02.440+05:30,,
3,0,2,-210761193-11-29T08:19:31.000+05:53:28,2020-08-24T14:52:02.440+05:30,,
5,0,0,2020-08-24T14:52:02.440+05:30,2020-08-24T14:52:02.440+05:30,last year,
4,0,2,202011944-01-17T22:53:03.000+05:30,2020-08-24T14:52:02.440+05:30,,
2,874,1,-171869677-12-06T12:40:55.000+05:53:28,2020-08-24T14:52:02.440+05:30,,false,
1,0,1,-112234814-10-21T12:50:21.000+05:53:28,-112234814-10-21T12:50:21.000+05:53:28,,true,
5,0,0,2020-08-24T14:52:02.440+05:30,2020-08-24T14:52:02.440+05:30,3 days earlier,
4,0,2,-42252164-03-31T02:17:14.000+05:53:28,2020-08-24T14:52:02.440+05:30,,
4,0,2,-209578632-04-29T03:09:20.000+05:53:28,2020-08-24T14:52:02.440+05:30,,
5,0,0,2020-08-24T14:52:02.440+05:30,2020-08-24T14:52:02.440+05:30,3 days earlier,
5,0,0,2020-08-24T14:52:02.440+05:30,2020-08-24T14:52:02.440+05:30,next day,
2,473,2,79983477-06-17T03:16:31.000+05:30,2020-08-24T14:52:02.440+05:30,,true,
5,0,0,2020-08-24T14:52:02.440+05:30,2020-08-24T14:52:02.440+05:30,next day,
4,0,2,-6110787-04-30T09:32:30.000+05:53:28,2020-08-24T14:52:02.440+05:30,,
1,0,2,-289114153-12-24T09:59:51.000+05:53:28,-289114153-12-24T09:59:51.000+05:53:28,,false,
2,700,2,-252535061-06-26T03:00:03.000+05:53:28,2020-08-24T14:52:02.440+05:30,,false,
5,0,0,2020-08-24T14:52:02.440+05:30,2020-08-24T14:52:02.440+05:30,last year,
4,0,1,-55649645-11-11T20:43:08.000+05:53:28,2020-08-24T14:52:02.440+05:30,,
1,0,1,-258381776-05-16T18:11:17.000+05:53:28,-258381776-05-16T18:11:17.000+05:53:28,,true,
3,0,1,-286257646-12-04T10:19:42.000+05:53:28,2020-08-24T14:52:02.440+05:30,,
1,0,1,-70988880-06-23T21:04:26.000+05:53:28,-70988880-06-23T21:04:26.000+05:53:28,,false,
2,367,1,190432897-06-16T23:41:15.000+05:30,2020-08-24T14:52:02.440+05:30,,true,
2,649,2,2655568-02-03T08:07:43.000+05:30,2020-08-24T14:52:02.440+05:30,,false,
1,0,1,-116834156-12-26T15:42:33.000+05:53:28,-116834156-12-26T15:42:33.000+05:53:28,,false,
1,0,2,66035089-12-22T14:07:09.000+05:30,66035089-12-22T14:07:09.000+05:30,,false,
2,346,1,277232309-08-10T13:51:21.000+05:30,2020-08-24T14:52:02.440+05:30,,false,
5,0,0,2020-08-24T14:52:02.440+05:30,2020-08-24T14:52:02.440+05:30,last year,
3,0,2,-232156267-01-30T14:09:38.000+05:53:28,2020-08-24T14:52:02.440+05:30,,
4,0,1,144571331-11-06T22:48:46.000+05:30,2020-08-24T14:52:02.440+05:30,,
3,0,1,245000115-08-14T19:23:14.000+05:30,2020-08-24T14:52:02.440+05:30,,
1,0,1,-112294919-05-09T17:38:06.000+05:53:28,-112294919-05-09T17:38:06.000+05:53:28,,true,
1,0,2,-238039617-02-18T18:59:29.000+05:53:28,-238039617-02-18T18:59:29.000+05:53:28,,true,
2,10,2,11931177-12-30T13:21:45.000+05:30,2020-08-24T14:52:02.440+05:30,,true,
5,0,0,2020-08-24T14:52:02.440+05:30,2020-08-24T14:52:02.440+05:30,today,
3,0,1,-102618034-11-15T09:51:29.000+05:53:28,2020-08-24T14:52:02.440+05:30,,
1,0,1,-40510454-08-11T07:10:41.000+05:53:28,-40510454-08-11T07:10:41.000+05:53:28,,false,
1,0,2,-53184694-07-08T00:05:54.000+05:53:28,-53184694-07-08T00:05:54.000+05:53:28,,true,
2,488,1,-89889450-05-15T13:31:10.000+05:53:28,2020-08-24T14:52:02.440+05:30,,false,
1,0,1,-99772128-03-02T19:23:02.000+05:53:28,-99772128-03-02T19:23:02.000+05:53:28,,false,
2,147,1,-18965250-11-13T17:24:35.000+05:53:28,2020-08-24T14:52:02.440+05:30,,true,
3,0,1,51762804-01-06T17:21:50.000+05:30,2020-08-24T14:52:02.440+05:30,,
5,0,0,2020-08-24T14:52:02.440+05:30,2020-08-24T14:52:02.440+05:30,tomorrow,
5,0,0,2020-08-24T14:52:02.440+05:30,2020-08-24T14:52:02.440+05:30,next year,
3,0,2,12678779-03-13T04:35:54.000+05:30,2020-08-24T14:52:02.440+05:30,,
2,886,1,-19091117-10-03T10:08:53.000+05:53:28,2020-08-24T14:52:02.440+05:30,,false,
2,623,2,-50774148-07-18T23:29:31.000+05:53:28,2020-08-24T14:52:02.440+05:30,,false,
1,0,2,11058354-12-16T21:05:04.000+05:30,11058354-12-16T21:05:04.000+05:30,,false,
1,0,2,192243305-04-11T19:58:18.000+05:30,192243305-04-11T19:58:18.000+05:30,,true,
5,0,0,2020-08-24T14:52:02.440+05:30,2020-08-24T14:52:02.440+05:30,last year,
3,0,2,-101412366-07-06T04:23:08.000+05:53:28,2020-08-24T14:52:02.440+05:30,,
1,0,2,108814818-09-26T11:15:27.000+05:30,108814818-09-26T11:15:27.000+05:30,,true,
3,0,2,280115360-11-24T13:10:18.000+05:30,2020-08-24T14:52:02.440+05:30,,
1,0,2,214726444-12-06T18:36:03.000+05:30,214726444-12-06T18:36:03.000+05:30,,true,
2,901,2,-27397576-04-01T10:47:12.000+05:53:28,2020-08-24T14:52:02.440+05:30,,false,
2,925,2,-57243259-10-09T13:47:24.000+05:53:28,2020-08-24T14:52:02.440+05:30,,true,
3,0,2,251905936-09-16T15:54:00.000+05:30,2020-08-24T14:52:02.440+05:30,,
5,0,0,2020-08-24T14:52:02.440+05:30,2020-08-24T14:52:02.440+05:30,3 days earlier,
4,0,1,-231628935-04-12T23:06:33.000+05:53:28,2020-08-24T14:52:02.440+05:30,,
4,0,1,-117657799-03-07T14:26:35.000+05:53:28,2020-08-24T14:52:02.440+05:30,,
1,0,1,-190025575-11-29T15:29:22.000+05:53:28,-190025575-11-29T15:29:22.000+05:53:28,,false,
2,665,2,273076362-06-16T08:52:59.000+05:30,2020-08-24T14:52:02.440+05:30,,false,
3,0,1,132330229-12-19T08:50:28.000+05:30,2020-08-24T14:52:02.440+05:30,,
2,949,2,-69706927-03-22T11:34:00.000+05:53:28,2020-08-24T14:52:02.440+05:30,,false,
2,331,2,256254121-05-06T08:35:56.000+05:30,2020-08-24T14:52:02.440+05:30,,true,
3,0,1,-192702602-10-27T08:44:16.000+05:53:28,2020-08-24T14:52:02.440+05:30,,
3,0,2,49474656-06-04T20:58:41.000+05:30,2020-08-24T14:52:02.440+05:30,,
3,0,2,-104754719-09-02T23:47:32.000+05:53:28,2020-08-24T14:52:02.440+05:30,,
1,0,2,100141786-05-22T11:28:43.000+05:30,100141786-05-22T11:28:43.000+05:30,,false,
2,141,2,210037150-10-06T19:23:51.000+05:30,2020-08-24T14:52:02.441+05:30,,true,
1,0,1,186227286-02-25T22:09:28.000+05:30,186227286-02-25T22:09:28.000+05:30,,false,
1,0,2,19836989-09-14T21:57:22.000+05:30,19836989-09-14T21:57:22.000+05:30,,false,
5,0,0,2020-08-24T14:52:02.441+05:30,2020-08-24T14:52:02.441+05:30,next month,
1,0,1,52457168-10-28T11:09:34.000+05:30,52457168-10-28T11:09:34.000+05:30,,true,
5,0,0,2020-08-24T14:52:02.441+05:30,2020-08-24T14:52:02.441+05:30,today,
3,0,2,-184855831-10-24T21:35:57.000+05:53:28,2020-08-24T14:52:02.441+05:30,,
3,0,2,-172752602-06-28T18:38:12.000+05:53:28,2020-08-24T14:52:02.441+05:30,,
3,0,2,-135384029-07-18T04:20:28.000+05:53:28,2020-08-24T14:52:02.441+05:30,,
4,0,2,-134066933-11-02T04:30:11.000+05:53:28,2020-08-24T14:52:02.441+05:30,,
2,902,1,-242581426-01-26T10:19:35.000+05:53:28,2020-08-24T14:52:02.441+05:30,,false,
2,210,1,93976341-05-02T19:59:59.000+05:30,2020-08-24T14:52:02.441+05:30,,false,
1,0,1,141857089-03-21T06:47:13.000+05:30,141857089-03-21T06:47:13.000+05:30,,false,
2,503,1,94277007-02-02T02:11:42.000+05:30,2020-08-24T14:52:02.441+05:30,,true,
5,0,0,2020-08-24T14:52:02.441+05:30,2020-08-24T14:52:02.441+05:30,today,
3,0,1,-7950144-03-22T15:24:05.000+05:53:28,2020-08-24T14:52:02.441+05:30,,
4,0,1,137195769-03-04T05:32:38.000+05:30,2020-08-24T14:52:02.441+05:30,,
2,694,2,82670622-10-13T19:42:52.000+05:30,2020-08-24T14:52:02.441+05:30,,true,
3,0,1,-237267309-06-01T03:43:26.000+05:53:28,2020-08-24T14:52:02.441+05:30,,
1,0,1,147393638-08-08T01:00:45.000+05:30,147393638-08-08T01:00:45.000+05:30,,false,
4,0,1,-90854563-01-07T00:32:04.000+05:53:28,2020-08-24T14:52:02.441+05:30,,
3,0,2,263733401-06-19T18:25:05.000+05:30,2020-08-24T14:52:02.441+05:30,,
3,0,1,-133353635-05-28T15:12:14.000+05:53:28,2020-08-24T14:52:02.441+05:30,,
5,0,0,2020-08-24T14:52:02.441+05:30,2020-08-24T14:52:02.441+05:30,4 months from now,
5,0,0,2020-08-24T14:52:02.441+05:30,2020-08-24T14:52:02.441+05:30,next day,
5,0,0,2020-08-24T14:52:02.441+05:30,2020-08-24T14:52:02.441+05:30,tomorrow,
3,0,2,44369976-12-06T06:21:18.000+05:30,2020-08-24T14:52:02.441+05:30,,
5,0,0,2020-08-24T14:52:02.441+05:30,2020-08-24T14:52:02.441+05:30,next day,
5,0,0,2020-08-24T14:52:02.441+05:30,2020-08-24T14:52:02.441+05:30,3 days earlier,
2,14,2,70881281-08-11T13:11:49.000+05:30,2020-08-24T14:52:02.441+05:30,,false,
4,0,1,256844867-10-08T19:49:36.000+05:30,2020-08-24T14:52:02.441+05:30,,
2,405,2,46431104-03-17T09:46:57.000+05:30,2020-08-24T14:52:02.441+05:30,,true,
4,0,2,14714312-11-15T19:46:46.000+05:30,2020-08-24T14:52:02.441+05:30,,
5,0,0,2020-08-24T14:52:02.441+05:30,2020-08-24T14:52:02.441+05:30,last day,
3,0,1,164919347-06-09T00:30:49.000+05:30,2020-08-24T14:52:02.441+05:30,,
2,551,2,-11367568-05-06T16:58:52.000+05:53:28,2020-08-24T14:52:02.441+05:30,,true,
2,44,2,-137383105-01-06T14:47:36.000+05:53:28,2020-08-24T14:52:02.441+05:30,,false,
5,0,0,2020-08-24T14:52:02.441+05:30,2020-08-24T14:52:02.441+05:30,3 days earlier,
3,0,2,135355296-07-24T23:06:31.000+05:30,2020-08-24T14:52:02.441+05:30,,
4,0,1,2679824-10-21T20:56:36.000+05:30,2020-08-24T14:52:02.441+05:30,,
4,0,1,-279428594-10-20T18:35:45.000+05:53:28,2020-08-24T14:52:02.441+05:30,,
1,0,1,-23507617-05-07T08:58:48.000+05:53:28,-23507617-05-07T08:58:48.000+05:53:28,,true,
2,754,2,70803175-11-07T18:56:38.000+05:30,2020-08-24T14:52:02.441+05:30,,false,
5,0,0,2020-08-24T14:52:02.441+05:30,2020-08-24T14:52:02.441+05:30,next day,
3,0,1,78725520-04-28T07:51:34.000+05:30,2020-08-24T14:52:02.441+05:30,,
1,0,1,-257262420-08-03T11:23:11.000+05:53:28,-257262420-08-03T11:23:11.000+05:53:28,,false,
4,0,2,-139321220-11-10T00:39:56.000+05:53:28,2020-08-24T14:52:02.441+05:30,,
1,0,2,-87647061-12-10T23:07:35.000+05:53:28,-87647061-12-10T23:07:35.000+05:53:28,,true,
2,294,1,-163585687-11-04T05:57:08.000+05:53:28,2020-08-24T14:52:02.441+05:30,,true,
3,0,1,-3079772-03-18T16:48:50.000+05:53:28,2020-08-24T14:52:02.441+05:30,,
2,433,1,217138886-07-30T00:54:24.000+05:30,2020-08-24T14:52:02.441+05:30,,false,
5,0,0,2020-08-24T14:52:02.441+05:30,2020-08-24T14:52:02.441+05:30,next month,
4,0,1,-253500516-03-18T05:43:17.000+05:53:28,2020-08-24T14:52:02.441+05:30,,
1,0,2,-149929101-12-26T13:21:01.000+05:53:28,-149929101-12-26T13:21:01.000+05:53:28,,true,
4,0,2,10980485-04-24T00:18:34.000+05:30,2020-08-24T14:52:02.441+05:30,,
2,192,2,-127256016-01-30T20:59:32.000+05:53:28,2020-08-24T14:52:02.441+05:30,,false,
2,259,2,139674460-09-02T22:23:14.000+05:30,2020-08-24T14:52:02.441+05:30,,false,
5,0,0,2020-08-24T14:52:02.441+05:30,2020-08-24T14:52:02.441+05:30,last week,
2,254,2,-2788826-09-04T10:25:52.000+05:53:28,2020-08-24T14:52:02.441+05:30,,true,
3,0,1,15829972-07-15T18:37:20.000+05:30,2020-08-24T14:52:02.441+05:30,,
1,0,2,70412906-04-20T02:16:03.000+05:30,70412906-04-20T02:16:03.000+05:30,,true,
4,0,1,-124061502-04-01T19:22:22.000+05:53:28,2020-08-24T14:52:02.441+05:30,,
2,607,2,209385783-07-11T16:01:16.000+05:30,2020-08-24T14:52:02.441+05:30,,true,
4,0,2,-239716517-12-02T18:56:55.000+05:53:28,2020-08-24T14:52:02.441+05:30,,
1,0,1,192768476-07-01T14:02:45.000+05:30,192768476-07-01T14:02:45.000+05:30,,true,
1,0,1,182020839-02-15T04:58:11.000+05:30,182020839-02-15T04:58:11.000+05:30,,true,
3,0,2,123364450-08-07T10:02:32.000+05:30,2020-08-24T14:52:02.441+05:30,,
4,0,2,83322602-12-19T18:36:01.000+05:30,2020-08-24T14:52:02.441+05:30,,
4,0,1,-73415472-01-06T23:20:53.000+05:53:28,2020-08-24T14:52:02.441+05:30,,
1,0,2,247948874-04-17T23:35:05.000+05:30,247948874-04-17T23:35:05.000+05:30,,false,
1,0,1,-235758525-04-01T21:14:38.000+05:53:28,-235758525-04-01T21:14:38.000+05:53:28,,true,
4,0,2,65279032-09-10T10:27:31.000+05:30,2020-08-24T14:52:02.441+05:30,,
5,0,0,2020-08-24T14:52:02.441+05:30,2020-08-24T14:52:02.441+05:30,next year,
2,868,1,-198924931-08-01T13:07:43.000+05:53:28,2020-08-24T14:52:02.441+05:30,,false,
2,615,2,41302136-11-16T16:25:08.000+05:30,2020-08-24T14:52:02.441+05:30,,true,
3,0,2,-220977603-07-14T23:24:17.000+05:53:28,2020-08-24T14:52:02.441+05:30,,
1,0,2,79399672-01-22T09:07:47.000+05:30,79399672-01-22T09:07:47.000+05:30,,true,
4,0,1,73821108-07-10T08:23:19.000+05:30,2020-08-24T14:52:02.441+05:30,,
4,0,2,-11487947-12-11T21:24:13.000+05:53:28,2020-08-24T14:52:02.441+05:30,,
1,0,1,-264451881-07-17T09:20:40.000+05:53:28,-264451881-07-17T09:20:40.000+05:53:28,,false,
5,0,0,2020-08-24T14:52:02.441+05:30,2020-08-24T14:52:02.441+05:30,3 days earlier,
4,0,2,-243723844-01-04T06:24:57.000+05:53:28,2020-08-24T14:52:02.441+05:30,,
5,0,0,2020-08-24T14:52:02.441+05:30,2020-08-24T14:52:02.441+05:30,last day,
3,0,2,244010616-04-07T22:03:47.000+05:30,2020-08-24T14:52:02.441+05:30,,
5,0,0,2020-08-24T14:52:02.441+05:30,2020-08-24T14:52:02.441+05:30,today,
5,0,0,2020-08-24T14:52:02.441+05:30,2020-08-24T14:52:02.441+05:30,next day,
4,0,1,68669082-01-29T02:18:03.000+05:30,2020-08-24T14:52:02.441+05:30,,
5,0,0,2020-08-24T14:52:02.441+05:30,2020-08-24T14:52:02.441+05:30,next year,
5,0,0,2020-08-24T14:52:02.441+05:30,2020-08-24T14:52:02.441+05:30,3 days earlier,
5,0,0,2020-08-24T14:52:02.441+05:30,2020-08-24T14:52:02.441+05:30,4 months from now,
1,0,2,-20104671-08-31T21:35:00.000+05:53:28,-20104671-08-31T21:35:00.000+05:53:28,,true,
5,0,0,2020-08-24T14:52:02.441+05:30,2020-08-24T14:52:02.441+05:30,last year,
1,0,1,-165555119-12-07T22:12:35.000+05:53:28,-165555119-12-07T22:12:35.000+05:53:28,,false,
4,0,1,213979085-05-03T22:49:06.000+05:30,2020-08-24T14:52:02.441+05:30,,
3,0,1,164728618-08-07T01:52:59.000+05:30,2020-08-24T14:52:02.441+05:30,,
1,0,1,76930514-07-17T06:23:22.000+05:30,76930514-07-17T06:23:22.000+05:30,,true,
1,0,2,112661256-08-02T18:13:20.000+05:30,112661256-08-02T18:13:20.000+05:30,,true,
2,526,1,98713942-01-03T08:57:41.000+05:30,2020-08-24T14:52:02.441+05:30,,false,
5,0,0,2020-08-24T14:52:02.441+05:30,2020-08-24T14:52:02.441+05:30,4 months from now,
5,0,0,2020-08-24T14:52:02.441+05:30,2020-08-24T14:52:02.441+05:30,4 months from now,
5,0,0,2020-08-24T14:52:02.441+05:30,2020-08-24T14:52:02.441+05:30,tomorrow,
5,0,0,2020-08-24T14:52:02.441+05:30,2020-08-24T14:52:02.441+05:30,last week,
5,0,0,2020-08-24T14:52:02.441+05:30,2020-08-24T14:52:02.441+05:30,last week,
3,0,2,59870996-09-14T07:46:34.000+05:30,2020-08-24T14:52:02.441+05:30,,
2,628,1,-86385459-03-10T09:41:52.000+05:53:28,2020-08-24T14:52:02.441+05:30,,false,
4,0,1,-92094633-11-05T21:24:33.000+05:53:28,2020-08-24T14:52:02.441+05:30,,
5,0,0,2020-08-24T14:52:02.441+05:30,2020-08-24T14:52:02.441+05:30,next year,
2,457,2,-225491696-09-01T17:32:21.000+05:53:28,2020-08-24T14:52:02.441+05:30,,false,
2,300,2,101808010-07-01T04:44:23.000+05:30,2020-08-24T14:52:02.441+05:30,,false,
2,715,1,172036167-10-17T09:32:48.000+05:30,2020-08-24T14:52:02.441+05:30,,true,
2,75,1,23956820-11-17T16:24:42.000+05:30,2020-08-24T14:52:02.441+05:30,,true,
1,0,2,-91352251-06-25T06:45:01.000+05:53:28,-91352251-06-25T06:45:01.000+05:53:28,,true,
3,0,2,254604123-01-07T07:14:21.000+05:30,2020-08-24T14:52:02.441+05:30,,
1,0,2,159869636-11-10T17:45:11.000+05:30,159869636-11-10T17:45:11.000+05:30,,true,
1,0,1,40605033-03-09T21:22:31.000+05:30,40605033-03-09T21:22:31.000+05:30,,false,
3,0,2,118928660-08-29T20:29:44.000+05:30,2020-08-24T14:52:02.441+05:30,,
1,0,1,12160759-05-03T04:50:09.000+05:30,12160759-05-03T04:50:09.000+05:30,,false,
4,0,2,-131013183-01-20T06:21:26.000+05:53:28,2020-08-24T14:52:02.441+05:30,,
2,560,2,36639672-02-24T20:44:07.000+05:30,2020-08-24T14:52:02.441+05:30,,false,
3,0,2,125500755-07-13T08:06:18.000+05:30,2020-08-24T14:52:02.441+05:30,,
5,0,0,2020-08-24T14:52:02.441+05:30,2020-08-24T14:52:02.441+05:30,tomorrow,
3,0,2,-45686313-07-03T02:32:25.000+05:53:28,2020-08-24T14:52:02.441+05:30,,
1,0,2,-111968316-03-30T20:49:56.000+05:53:28,-111968316-03-30T20:49:56.000+05:53:28,,false,
2,353,2,-152320977-04-02T06:13:24.000+05:53:28,2020-08-24T14:52:02.441+05:30,,true,
1,0,1,-261873362-07-05T07:40:48.000+05:53:28,-261873362-07-05T07:40:48.000+05:53:28,,true,
1,0,2,-287191096-11-07T11:59:46.000+05:53:28,-287191096-11-07T11:59:46.000+05:53:28,,true,
5,0,0,2020-08-24T14:52:02.441+05:30,2020-08-24T14:52:02.441+05:30,last day,
3,0,2,-133467453-03-22T14:52:23.000+05:53:28,2020-08-24T14:52:02.441+05:30,,
3,0,2,161311618-03-20T15:37:00.000+05:30,2020-08-24T14:52:02.441+05:30,,
5,0,0,2020-08-24T14:52:02.441+05:30,2020-08-24T14:52:02.441+05:30,3 days earlier,
2,414,1,266066345-02-19T02:01:28.000+05:30,2020-08-24T14:52:02.441+05:30,,true,
2,324,1,64201625-07-26T06:59:20.000+05:30,2020-08-24T14:52:02.441+05:30,,true,
1,0,2,244474227-11-03T10:55:20.000+05:30,244474227-11-03T10:55:20.000+05:30,,true,
3,0,2,70953948-12-20T09:16:01.000+05:30,2020-08-24T14:52:02.441+05:30,,
5,0,0,2020-08-24T14:52:02.441+05:30,2020-08-24T14:52:02.441+05:30,4 months from now,
5,0,0,2020-08-24T14:52:02.441+05:30,2020-08-24T14:52:02.441+05:30,next year,
1,0,1,-37462400-03-10T18:47:19.000+05:53:28,-37462400-03-10T18:47:19.000+05:53:28,,false,
5,0,0,2020-08-24T14:52:02.441+05:30,2020-08-24T14:52:02.441+05:30,next day,
3,0,1,-26392578-11-05T22:37:17.000+05:53:28,2020-08-24T14:52:02.441+05:30,,
1,0,1,-228779233-07-24T08:52:49.000+05:53:28,-228779233-07-24T08:52:49.000+05:53:28,,true,
2,906,1,-49882817-12-30T22:51:48.000+05:53:28,2020-08-24T14:52:02.441+05:30,,false,
4,0,1,-202535046-01-21T03:14:06.000+05:53:28,2020-08-24T14:52:02.441+05:30,,
4,0,1,63105867-05-31T13:53:16.000+05:30,2020-08-24T14:52:02.441+05:30,,
5,0,0,2020-08-24T14:52:02.441+05:30,2020-08-24T14:52:02.441+05:30,3 days earlier,
5,0,0,2020-08-24T14:52:02.442+05:30,2020-08-24T14:52:02.442+05:30,3 days earlier,
2,908,1,247289136-03-08T02:47:50.000+05:30,2020-08-24T14:52:02.442+05:30,,false,
5,0,0,2020-08-24T14:52:02.442+05:30,2020-08-24T14:52:02.442+05:30,next year,
3,0,1,-200219513-05-14T02:58:01.000+05:53:28,2020-08-24T14:52:02.442+05:30,,
5,0,0,2020-08-24T14:52:02.442+05:30,2020-08-24T14:52:02.442+05:30,today,
3,0,1,257380017-06-01T13:36:37.000+05:30,2020-08-24T14:52:02.442+05:30,,
4,0,2,-197272499-04-04T07:51:42.000+05:53:28,2020-08-24T14:52:02.442+05:30,,
3,0,2,-241341423-08-10T22:25:42.000+05:53:28,2020-08-24T14:52:02.442+05:30,,
2,816,1,132775484-09-16T07:22:55.000+05:30,2020-08-24T14:52:02.442+05:30,,false,
2,833,1,-16542975-11-02T21:46:25.000+05:53:28,2020-08-24T14:52:02.442+05:30,,false,
5,0,0,2020-08-24T14:52:02.442+05:30,2020-08-24T14:52:02.442+05:30,4 months from now,
1,0,1,-280129581-01-14T16:24:47.000+05:53:28,-280129581-01-14T16:24:47.000+05:53:28,,false,
1,0,1,140524853-01-31T16:57:44.000+05:30,140524853-01-31T16:57:44.000+05:30,,false,
1,0,2,-184935608-04-21T18:07:16.000+05:53:28,-184935608-04-21T18:07:16.000+05:53:28,,true,
4,0,1,35018634-05-06T14:16:24.000+05:30,2020-08-24T14:52:02.442+05:30,,
4,0,2,95730795-07-08T09:33:49.000+05:30,2020-08-24T14:52:02.442+05:30,,
4,0,1,17595069-01-06T07:52:43.000+05:30,2020-08-24T14:52:02.442+05:30,,
1,0,1,256203021-07-12T02:29:11.000+05:30,256203021-07-12T02:29:11.000+05:30,,true,
1,0,2,111143785-01-10T15:39:03.000+05:30,111143785-01-10T15:39:03.000+05:30,,true,
4,0,1,-274011099-11-26T12:59:34.000+05:53:28,2020-08-24T14:52:02.442+05:30,,
1,0,2,-277504190-02-24T21:24:15.000+05:53:28,-277504190-02-24T21:24:15.000+05:53:28,,false,
2,569,2,-223154922-04-16T04:56:08.000+05:53:28,2020-08-24T14:52:02.442+05:30,,true,
4,0,1,272502771-01-31T10:06:36.000+05:30,2020-08-24T14:52:02.442+05:30,,
5,0,0,2020-08-24T14:52:02.442+05:30,2020-08-24T14:52:02.442+05:30,next year,
1,0,1,-160094152-01-22T09:49:44.000+05:53:28,-160094152-01-22T09:49:44.000+05:53:28,,false,
5,0,0,2020-08-24T14:52:02.442+05:30,2020-08-24T14:52:02.442+05:30,3 days earlier,
2,373,1,28588798-05-30T13:57:36.000+05:30,2020-08-24T14:52:02.442+05:30,,false,
3,0,2,203843481-11-18T09:50:48.000+05:30,2020-08-24T14:52:02.442+05:30,,
5,0,0,2020-08-24T14:52:02.442+05:30,2020-08-24T14:52:02.442+05:30,last day,
5,0,0,2020-08-24T14:52:02.442+05:30,2020-08-24T14:52:02.442+05:30,today,
4,0,1,-270695556-07-14T14:40:17.000+05:53:28,2020-08-24T14:52:02.442+05:30,,
5,0,0,2020-08-24T14:52:02.442+05:30,2020-08-24T14:52:02.442+05:30,next month,
3,0,1,-25572636-02-08T10:25:06.000+05:53:28,2020-08-24T14:52:02.442+05:30,,
3,0,2,-28679020-08-17T15:45:58.000+05:53:28,2020-08-24T14:52:02.442+05:30,,
4,0,2,66489580-12-21T00:16:49.000+05:30,2020-08-24T14:52:02.442+05:30,,
2,985,1,25561597-12-02T21:03:18.000+05:30,2020-08-24T14:52:02.442+05:30,,false,
1,0,1,-249335500-12-26T15:58:25.000+05:53:28,-249335500-12-26T15:58:25.000+05:53:28,,true,
5,0,0,2020-08-24T14:52:02.442+05:30,2020-08-24T14:52:02.442+05:30,next month,
5,0,0,2020-08-24T14:52:02.442+05:30,2020-08-24T14:52:02.442+05:30,today,
2,578,1,271636008-10-05T05:55:03.000+05:30,2020-08-24T14:52:02.442+05:30,,false,
1,0,2,130012878-10-08T16:20:52.000+05:30,130012878-10-08T16:20:52.000+05:30,,false,
1,0,1,199731100-11-07T15:27:47.000+05:30,199731100-11-07T15:27:47.000+05:30,,false,
1,0,2,210238885-06-20T15:01:24.000+05:30,210238885-06-20T15:01:24.000+05:30,,false,
4,0,2,-112458087-11-29T08:27:19.000+05:53:28,2020-08-24T14:52:02.442+05:30,,
5,0,0,2020-08-24T14:52:02.442+05:30,2020-08-24T14:52:02.442+05:30,4 months from now,
4,0,2,-69016333-10-11T07:29:52.000+05:53:28,2020-08-24T14:52:02.442+05:30,,
2,702,1,96214025-11-21T14:41:35.000+05:30,2020-08-24T14:52:02.442+05:30,,false,
1,0,1,245470101-07-18T19:35:17.000+05:30,245470101-07-18T19:35:17.000+05:30,,true,
5,0,0,2020-08-24T14:52:02.442+05:30,2020-08-24T14:52:02.442+05:30,last day,
2,468,1,-229112354-04-19T11:53:04.000+05:53:28,2020-08-24T14:52:02.442+05:30,,false,
3,0,2,161140407-05-14T19:13:27.000+05:30,2020-08-24T14:52:02.442+05:30,,
2,693,1,258111791-05-10T18:19:47.000+05:30,2020-08-24T14:52:02.442+05:30,,false,
1,0,2,167099940-12-17T21:08:47.000+05:30,167099940-12-17T21:08:47.000+05:30,,false,
5,0,0,2020-08-24T14:52:02.442+05:30,2020-08-24T14:52:02.442+05:30,next year,
2,282,1,-167962915-04-26T15:43:55.000+05:53:28,2020-08-24T14:52:02.442+05:30,,true,
1,0,2,-222124228-02-02T15:17:33.000+05:53:28,-222124228-02-02T15:17:33.000+05:53:28,,false,
5,0,0,2020-08-24T14:52:02.442+05:30,2020-08-24T14:52:02.442+05:30,3 days earlier,
4,0,2,-114683978-06-12T08:42:38.000+05:53:28,2020-08-24T14:52:02.442+05:30,,
1,0,1,249535400-10-15T03:21:21.000+05:30,249535400-10-15T03:21:21.000+05:30,,false,
3,0,2,-148708973-08-10T15:49:44.000+05:53:28,2020-08-24T14:52:02.442+05:30,,
3,0,2,163203053-09-16T06:00:51.000+05:30,2020-08-24T14:52:02.442+05:30,,
4,0,1,124461888-06-03T16:33:19.000+05:30,2020-08-24T14:52:02.442+05:30,,
2,861,2,286979746-08-21T09:54:24.000+05:30,2020-08-24T14:52:02.442+05:30,,false,
1,0,2,221140674-12-20T05:11:51.000+05:30,221140674-12-20T05:11:51.000+05:30,,true,
5,0,0,2020-08-24T14:52:02.442+05:30,2020-08-24T14:52:02.442+05:30,next month,
2,735,2,71373264-01-31T00:23:32.000+05:30,2020-08-24T14:52:02.442+05:30,,false,
4,0,2,15660928-10-09T16:19:48.000+05:30,2020-08-24T14:52:02.442+05:30,,
5,0,0,2020-08-24T14:52:02.442+05:30,2020-08-24T14:52:02.442+05:30,last week,
2,48,1,-110882186-07-05T17:23:57.000+05:53:28,2020-08-24T14:52:02.442+05:30,,true,
4,0,2,237535116-11-20T17:31:46.000+05:30,2020-08-24T14:52:02.442+05:30,,
4,0,1,154609038-07-26T09:17:13.000+05:30,2020-08-24T14:52:02.442+05:30,,
2,793,1,80731782-12-03T01:13:52.000+05:30,2020-08-24T14:52:02.442+05:30,,true,
3,0,2,-158606385-07-27T09:56:00.000+05:53:28,2020-08-24T14:52:02.442+05:30,,
3,0,2,-261959585-01-30T15:28:24.000+05:53:28,2020-08-24T14:52:02.442+05:30,,
5,0,0,2020-08-24T14:52:02.442+05:30,2020-08-24T14:52:02.442+05:30,today,
5,0,0,2020-08-24T14:52:02.442+05:30,2020-08-24T14:52:02.442+05:30,next month,
5,0,0,2020-08-24T14:52:02.442+05:30,2020-08-24T14:52:02.442+05:30,last week,
1,0,1,146687114-08-12T02:02:28.000+05:30,146687114-08-12T02:02:28.000+05:30,,true,
4,0,1,29165485-12-08T22:10:15.000+05:30,2020-08-24T14:52:02.442+05:30,,
3,0,2,274122810-02-14T22:27:40.000+05:30,2020-08-24T14:52:02.442+05:30,,
3,0,1,39604247-01-09T09:03:02.000+05:30,2020-08-24T14:52:02.442+05:30,,
3,0,2,-220371308-05-17T01:32:58.000+05:53:28,2020-08-24T14:52:02.442+05:30,,
2,622,1,-160273165-07-05T05:25:23.000+05:53:28,2020-08-24T14:52:02.442+05:30,,true,
4,0,2,-213235078-02-22T11:02:52.000+05:53:28,2020-08-24T14:52:02.442+05:30,,
3,0,1,131653815-04-08T21:03:45.000+05:30,2020-08-24T14:52:02.442+05:30,,
4,0,1,288197174-02-26T08:47:04.000+05:30,2020-08-24T14:52:02.442+05:30,,
2,907,1,-159018231-06-10T00:20:50.000+05:53:28,2020-08-24T14:52:02.442+05:30,,true,
4,0,1,202587719-12-23T03:21:42.000+05:30,2020-08-24T14:52:02.442+05:30,,
2,582,1,-115649391-08-14T20:36:15.000+05:53:28,2020-08-24T14:52:02.442+05:30,,false,
4,0,2,-1935369-05-13T23:42:22.000+05:53:28,2020-08-24T14:52:02.442+05:30,,
2,434,1,-40319260-02-14T07:31:11.000+05:53:28,2020-08-24T14:52:02.442+05:30,,true,
2,254,2,-284743082-10-30T08:46:51.000+05:53:28,2020-08-24T14:52:02.442+05:30,,false,
3,0,2,190187556-11-30T15:15:26.000+05:30,2020-08-24T14:52:02.442+05:30,,
3,0,1,-135582360-02-18T06:50:34.000+05:53:28,2020-08-24T14:52:02.442+05:30,,
2,78,1,-58202790-07-20T05:09:02.000+05:53:28,2020-08-24T14:52:02.442+05:30,,false,
5,0,0,2020-08-24T14:52:02.442+05:30,2020-08-24T14:52:02.442+05:30,last week,
1,0,2,228068886-12-24T15:16:48.000+05:30,228068886-12-24T15:16:48.000+05:30,,false,
3,0,1,76907778-11-09T07:16:48.000+05:30,2020-08-24T14:52:02.442+05:30,,
3,0,1,204609864-06-14T18:35:48.000+05:30,2020-08-24T14:52:02.442+05:30,,
1,0,1,-92188517-11-27T14:25:44.000+05:53:28,-92188517-11-27T14:25:44.000+05:53:28,,true,
1,0,1,18469174-03-26T16:03:11.000+05:30,18469174-03-26T16:03:11.000+05:30,,false,
3,0,1,35972855-10-01T15:25:38.000+05:30,2020-08-24T14:52:02.442+05:30,,
2,935,1,247694334-07-08T11:25:36.000+05:30,2020-08-24T14:52:02.442+05:30,,true,
1,0,2,-27601610-11-27T14:28:49.000+05:53:28,-27601610-11-27T14:28:49.000+05:53:28,,false,
3,0,1,-80543278-07-11T03:29:38.000+05:53:28,2020-08-24T14:52:02.442+05:30,,
2,729,2,98644909-05-14T23:29:23.000+05:30,2020-08-24T14:52:02.442+05:30,,false,
1,0,2,-89764309-11-26T19:00:53.000+05:53:28,-89764309-11-26T19:00:53.000+05:53:28,,false,
3,0,2,-207807602-09-06T12:28:24.000+05:53:28,2020-08-24T14:52:02.442+05:30,,
3,0,1,13404989-05-07T18:40:11.000+05:30,2020-08-24T14:52:02.442+05:30,,
1,0,2,226520348-01-01T19:51:01.000+05:30,226520348-01-01T19:51:01.000+05:30,,true,
5,0,0,2020-08-24T14:52:02.442+05:30,2020-08-24T14:52:02.442+05:30,last week,
2,456,2,-231973363-11-26T13:47:46.000+05:53:28,2020-08-24T14:52:02.442+05:30,,true,
2,370,2,-138492290-12-25T18:02:28.000+05:53:28,2020-08-24T14:52:02.442+05:30,,false,
4,0,2,-64517450-11-02T15:51:39.000+05:53:28,2020-08-24T14:52:02.442+05:30,,
2,279,2,-94501629-05-23T12:04:25.000+05:53:28,2020-08-24T14:52:02.442+05:30,,false,
1,0,1,163096778-11-23T14:32:56.000+05:30,163096778-11-23T14:32:56.000+05:30,,true,
2,702,2,104239426-07-15T14:36:28.000+05:30,2020-08-24T14:52:02.442+05:30,,false,
1,0,1,226442093-10-07T16:34:11.000+05:30,226442093-10-07T16:34:11.000+05:30,,false,
2,86,2,-78394525-10-16T09:16:43.000+05:53:28,2020-08-24T14:52:02.442+05:30,,false,
5,0,0,2020-08-24T14:52:02.442+05:30,2020-08-24T14:52:02.442+05:30,3 days earlier,
3,0,2,-79354921-09-23T13:22:22.000+05:53:28,2020-08-24T14:52:02.442+05:30,,
1,0,1,-264467917-05-31T13:51:51.000+05:53:28,-264467917-05-31T13:51:51.000+05:53:28,,true,
1,0,1,33123209-08-20T21:00:06.000+05:30,33123209-08-20T21:00:06.000+05:30,,true,
2,818,1,113859551-09-04T04:36:36.000+05:30,2020-08-24T14:52:02.442+05:30,,true,
2,91,2,-13431761-06-18T05:47:02.000+05:53:28,2020-08-24T14:52:02.442+05:30,,true,
1,0,1,-176602515-06-08T08:30:30.000+05:53:28,-176602515-06-08T08:30:30.000+05:53:28,,false,
5,0,0,2020-08-24T14:52:02.442+05:30,2020-08-24T14:52:02.442+05:30,4 months from now,
2,906,1,267901935-11-12T05:15:09.000+05:30,2020-08-24T14:52:02.442+05:30,,false,
2,600,1,-180191408-03-29T18:01:47.000+05:53:28,2020-08-24T14:52:02.442+05:30,,false,
3,0,2,88121733-03-28T23:34:12.000+05:30,2020-08-24T14:52:02.442+05:30,,
4,0,1,-35094991-10-13T09:18:49.000+05:53:28,2020-08-24T14:52:02.442+05:30,,
2,943,2,213936445-05-18T05:03:13.000+05:30,2020-08-24T14:52:02.442+05:30,,true,
3,0,1,252604704-06-10T08:03:55.000+05:30,2020-08-24T14:52:02.442+05:30,,
4,0,1,-4608097-03-16T13:04:37.000+05:53:28,2020-08-24T14:52:02.442+05:30,,
4,0,2,-138945302-11-16T18:17:15.000+05:53:28,2020-08-24T14:52:02.442+05:30,,
3,0,1,117848763-02-06T23:26:15.000+05:30,2020-08-24T14:52:02.442+05:30,,
5,0,0,2020-08-24T14:52:02.442+05:30,2020-08-24T14:52:02.442+05:30,3 days earlier,
5,0,0,2020-08-24T14:52:02.442+05:30,2020-08-24T14:52:02.442+05:30,today,
2,968,2,-176870878-03-16T00:14:08.000+05:53:28,2020-08-24T14:52:02.442+05:30,,false,
5,0,0,2020-08-24T14:52:02.442+05:30,2020-08-24T14:52:02.442+05:30,today,
4,0,1,-194366077-10-26T07:45:00.000+05:53:28,2020-08-24T14:52:02.442+05:30,,
1,0,2,-107650971-03-25T05:22:48.000+05:53:28,-107650971-03-25T05:22:48.000+05:53:28,,false,
5,0,0,2020-08-24T14:52:02.442+05:30,2020-08-24T14:52:02.442+05:30,next year,
5,0,0,2020-08-24T14:52:02.442+05:30,2020-08-24T14:52:02.442+05:30,tomorrow,
3,0,2,-270805147-03-20T21:48:16.000+05:53:28,2020-08-24T14:52:02.442+05:30,,
3,0,2,-224672751-03-13T18:29:07.000+05:53:28,2020-08-24T14:52:02.442+05:30,,
1,0,1,-217387885-05-11T08:46:17.000+05:53:28,-217387885-05-11T08:46:17.000+05:53:28,,false,
4,0,1,138841696-11-01T05:40:29.000+05:30,2020-08-24T14:52:02.442+05:30,,
3,0,2,86578101-01-14T22:58:18.000+05:30,2020-08-24T14:52:02.442+05:30,,
4,0,2,53760709-11-06T14:44:42.000+05:30,2020-08-24T14:52:02.442+05:30,,
1,0,1,108079631-07-22T06:36:56.000+05:30,108079631-07-22T06:36:56.000+05:30,,false,
1,0,2,-190527506-11-08T04:47:45.000+05:53:28,-190527506-11-08T04:47:45.000+05:53:28,,true,
4,0,1,151412577-01-07T17:36:02.000+05:30,2020-08-24T14:52:02.442+05:30,,
4,0,2,-2408315-12-13T20:33:59.000+05:53:28,2020-08-24T14:52:02.442+05:30,,
3,0,1,-21449976-05-07T20:26:26.000+05:53:28,2020-08-24T14:52:02.442+05:30,,
5,0,0,2020-08-24T14:52:02.442+05:30,2020-08-24T14:52:02.442+05:30,last year,
3,0,1,-192118230-01-16T02:36:12.000+05:53:28,2020-08-24T14:52:02.442+05:30,,
1,0,2,-276976717-08-08T13:46:17.000+05:53:28,-276976717-08-08T13:46:17.000+05:53:28,,true,
1,0,1,-114140953-07-31T23:07:54.000+05:53:28,-114140953-07-31T23:07:54.000+05:53:28,,true,
3,0,2,158615381-02-17T05:13:39.000+05:30,2020-08-24T14:52:02.442+05:30,,
3,0,1,40144550-02-27T18:03:24.000+05:30,2020-08-24T14:52:02.442+05:30,,
2,5,1,-288874216-06-09T10:54:34.000+05:53:28,2020-08-24T14:52:02.442+05:30,,false,
1,0,1,-224859179-10-25T07:10:03.000+05:53:28,-224859179-10-25T07:10:03.000+05:53:28,,false,
5,0,0,2020-08-24T14:52:02.442+05:30,2020-08-24T14:52:02.442+05:30,today,
1,0,2,86249000-03-18T17:26:04.000+05:30,86249000-03-18T17:26:04.000+05:30,,false,
5,0,0,2020-08-24T14:52:02.442+05:30,2020-08-24T14:52:02.442+05:30,4 months from now,
3,0,1,1916383-04-07T06:36:26.000+05:30,2020-08-24T14:52:02.442+05:30,,
5,0,0,2020-08-24T14:52:02.442+05:30,2020-08-24T14:52:02.442+05:30,today,
5,0,0,2020-08-24T14:52:02.442+05:30,2020-08-24T14:52:02.442+05:30,last year,
3,0,1,80223569-12-13T00:32:05.000+05:30,2020-08-24T14:52:02.442+05:30,,
2,154,2,-178781786-02-12T10:27:07.000+05:53:28,2020-08-24T14:52:02.442+05:30,,true,
1,0,1,-35847982-03-18T22:49:43.000+05:53:28,-35847982-03-18T22:49:43.000+05:53:28,,true,
3,0,1,142969620-09-18T12:12:37.000+05:30,2020-08-24T14:52:02.442+05:30,,
3,0,1,199881564-06-18T21:41:11.000+05:30,2020-08-24T14:52:02.442+05:30,,
4,0,2,-236555055-11-26T23:43:44.000+05:53:28,2020-08-24T14:52:02.442+05:30,,
5,0,0,2020-08-24T14:52:02.442+05:30,2020-08-24T14:52:02.442+05:30,last year,
1,0,1,-259073109-05-25T12:54:53.000+05:53:28,-259073109-05-25T12:54:53.000+05:53:28,,true,
2,295,1,-97097063-05-08T23:23:45.000+05:53:28,2020-08-24T14:52:02.442+05:30,,true,
4,0,1,-264445048-09-16T11:29:54.000+05:53:28,2020-08-24T14:52:02.442+05:30,,
5,0,0,2020-08-24T14:52:02.442+05:30,2020-08-24T14:52:02.442+05:30,last week,
1,0,2,17454503-08-04T16:13:01.000+05:30,17454503-08-04T16:13:01.000+05:30,,false,
4,0,1,-153133805-07-11T11:28:33.000+05:53:28,2020-08-24T14:52:02.442+05:30,,
5,0,0,2020-08-24T14:52:02.442+05:30,2020-08-24T14:52:02.442+05:30,3 days earlier,
3,0,1,167905338-06-26T00:43:00.000+05:30,2020-08-24T14:52:02.442+05:30,,
3,0,2,174174802-10-07T08:57:27.000+05:30,2020-08-24T14:52:02.442+05:30,,
5,0,0,2020-08-24T14:52:02.442+05:30,2020-08-24T14:52:02.442+05:30,next month,
3,0,2,234777671-03-29T01:04:45.000+05:30,2020-08-24T14:52:02.442+05:30,,
1,0,2,132167328-01-30T05:57:58.000+05:30,132167328-01-30T05:57:58.000+05:30,,false,
2,474,2,-101989294-03-01T12:52:39.000+05:53:28,2020-08-24T14:52:02.442+05:30,,false,
4,0,2,235141006-05-26T17:40:25.000+05:30,2020-08-24T14:52:02.442+05:30,,
4,0,1,2501014-08-24T20:28:26.000+05:30,2020-08-24T14:52:02.442+05:30,,
2,295,2,63034056-11-26T21:02:49.000+05:30,2020-08-24T14:52:02.442+05:30,,true,
5,0,0,2020-08-24T14:52:02.442+05:30,2020-08-24T14:52:02.442+05:30,next day,
5,0,0,2020-08-24T14:52:02.442+05:30,2020-08-24T14:52:02.442+05:30,today,
1,0,1,-62759296-03-01T21:05:13.000+05:53:28,-62759296-03-01T21:05:13.000+05:53:28,,true,
2,644,2,182480670-04-02T07:42:25.000+05:30,2020-08-24T14:52:02.442+05:30,,true,
3,0,2,-94934029-01-23T03:32:17.000+05:53:28,2020-08-24T14:52:02.442+05:30,,
5,0,0,2020-08-24T14:52:02.442+05:30,2020-08-24T14:52:02.442+05:30,tomorrow,
5,0,0,2020-08-24T14:52:02.442+05:30,2020-08-24T14:52:02.442+05:30,4 months from now,
1,0,2,183166174-11-16T18:34:27.000+05:30,183166174-11-16T18:34:27.000+05:30,,true,
5,0,0,2020-08-24T14:52:02.442+05:30,2020-08-24T14:52:02.442+05:30,next day,
5,0,0,2020-08-24T14:52:02.442+05:30,2020-08-24T14:52:02.442+05:30,3 days earlier,
1,0,1,256033697-11-12T19:54:52.000+05:30,256033697-11-12T19:54:52.000+05:30,,false,
2,695,1,180482478-08-13T04:20:31.000+05:30,2020-08-24T14:52:02.442+05:30,,false,
5,0,0,2020-08-24T14:52:02.442+05:30,2020-08-24T14:52:02.442+05:30,3 days earlier,
5,0,0,2020-08-24T14:52:02.442+05:30,2020-08-24T14:52:02.442+05:30,last year,
3,0,2,194100926-07-22T02:11:29.000+05:30,2020-08-24T14:52:02.442+05:30,,
4,0,1,-38198551-10-05T09:27:04.000+05:53:28,2020-08-24T14:52:02.442+05:30,,
3,0,2,-254850693-09-11T13:00:31.000+05:53:28,2020-08-24T14:52:02.442+05:30,,
3,0,1,-167826220-08-10T01:13:11.000+05:53:28,2020-08-24T14:52:02.442+05:30,,
2,230,1,-71221575-06-15T05:21:26.000+05:53:28,2020-08-24T14:52:02.442+05:30,,true,
2,123,1,206592283-12-02T23:01:42.000+05:30,2020-08-24T14:52:02.442+05:30,,false,
1,0,1,-172823830-05-18T22:31:09.000+05:53:28,-172823830-05-18T22:31:09.000+05:53:28,,false,
1,0,2,-27891457-05-24T10:33:47.000+05:53:28,-27891457-05-24T10:33:47.000+05:53:28,,false,
3,0,1,146137688-08-27T12:23:39.000+05:30,2020-08-24T14:52:02.442+05:30,,
3,0,2,230038542-06-09T00:21:06.000+05:30,2020-08-24T14:52:02.442+05:30,,
4,0,2,212936622-06-07T11:21:50.000+05:30,2020-08-24T14:52:02.442+05:30,,
1,0,1,-286244564-09-03T01:14:35.000+05:53:28,-286244564-09-03T01:14:35.000+05:53:28,,false,
4,0,1,-217110955-05-30T23:34:19.000+05:53:28,2020-08-24T14:52:02.442+05:30,,
2,300,1,248786100-05-22T21:03:57.000+05:30,2020-08-24T14:52:02.442+05:30,,false,
1,0,1,-96593460-05-04T10:38:20.000+05:53:28,-96593460-05-04T10:38:20.000+05:53:28,,false,
4,0,1,-209648536-07-15T01:58:01.000+05:53:28,2020-08-24T14:52:02.443+05:30,,
4,0,2,-18959719-03-20T17:16:18.000+05:53:28,2020-08-24T14:52:02.443+05:30,,
5,0,0,2020-08-24T14:52:02.443+05:30,2020-08-24T14:52:02.443+05:30,last day,
1,0,1,-128986047-06-03T15:05:45.000+05:53:28,-128986047-06-03T15:05:45.000+05:53:28,,true,
5,0,0,2020-08-24T14:52:02.443+05:30,2020-08-24T14:52:02.443+05:30,4 months from now,
1,0,1,34310759-02-04T08:04:25.000+05:30,34310759-02-04T08:04:25.000+05:30,,false,
3,0,2,-53202927-05-13T03:33:36.000+05:53:28,2020-08-24T14:52:02.443+05:30,,
1,0,1,11809491-10-22T20:50:14.000+05:30,11809491-10-22T20:50:14.000+05:30,,false,
5,0,0,2020-08-24T14:52:02.443+05:30,2020-08-24T14:52:02.443+05:30,tomorrow,
4,0,2,53486968-10-29T19:30:11.000+05:30,2020-08-24T14:52:02.443+05:30,,
3,0,1,-157367088-05-22T20:07:35.000+05:53:28,2020-08-24T14:52:02.443+05:30,,
2,795,1,21949024-09-03T13:37:21.000+05:30,2020-08-24T14:52:02.443+05:30,,false,
2,249,2,-212543090-06-05T18:01:03.000+05:53:28,2020-08-24T14:52:02.443+05:30,,true,
5,0,0,2020-08-24T14:52:02.443+05:30,2020-08-24T14:52:02.443+05:30,4 months from now,
5,0,0,2020-08-24T14:52:02.443+05:30,2020-08-24T14:52:02.443+05:30,today,
2,553,1,145474159-08-23T06:15:11.000+05:30,2020-08-24T14:52:02.443+05:30,,false,
2,167,2,-96373404-09-16T09:21:16.000+05:53:28,2020-08-24T14:52:02.443+05:30,,false,
3,0,2,-221915958-09-15T23:44:12.000+05:53:28,2020-08-24T14:52:02.443+05:30,,
3,0,2,49367753-09-05T17:37:11.000+05:30,2020-08-24T14:52:02.443+05:30,,
1,0,1,-35293692-10-19T10:50:59.000+05:53:28,-35293692-10-19T10:50:59.000+05:53:28,,true,
3,0,1,81475447-04-24T14:22:34.000+05:30,2020-08-24T14:52:02.443+05:30,,
3,0,1,-115059005-12-24T23:34:51.000+05:53:28,2020-08-24T14:52:02.443+05:30,,
3,0,2,133527343-08-04T08:28:20.000+05:30,2020-08-24T14:52:02.443+05:30,,
3,0,2,-218821760-03-22T00:07:24.000+05:53:28,2020-08-24T14:52:02.443+05:30,,
3,0,2,64728659-02-12T13:14:44.000+05:30,2020-08-24T14:52:02.443+05:30,,
2,57,1,196361163-12-23T01:48:09.000+05:30,2020-08-24T14:52:02.443+05:30,,false,
3,0,1,258094981-10-09T05:10:32.000+05:30,2020-08-24T14:52:02.443+05:30,,
4,0,1,-114372613-11-24T15:28:24.000+05:53:28,2020-08-24T14:52:02.443+05:30,,
3,0,1,41054663-08-07T15:02:25.000+05:30,2020-08-24T14:52:02.443+05:30,,
5,0,0,2020-08-24T14:52:02.443+05:30,2020-08-24T14:52:02.443+05:30,last day,
3,0,1,-128875113-08-06T18:13:58.000+05:53:28,2020-08-24T14:52:02.443+05:30,,
4,0,2,6590352-03-17T20:03:51.000+05:30,2020-08-24T14:52:02.443+05:30,,
2,235,2,-149775425-12-26T20:56:39.000+05:53:28,2020-08-24T14:52:02.443+05:30,,false,
5,0,0,2020-08-24T14:52:02.443+05:30,2020-08-24T14:52:02.443+05:30,next month,
4,0,1,-114305524-11-19T09:54:34.000+05:53:28,2020-08-24T14:52:02.443+05:30,,
1,0,2,273197888-04-22T04:50:15.000+05:30,273197888-04-22T04:50:15.000+05:30,,false,
1,0,1,-121889500-06-26T09:52:34.000+05:53:28,-121889500-06-26T09:52:34.000+05:53:28,,false,
1,0,1,-99361821-01-19T05:29:23.000+05:53:28,-99361821-01-19T05:29:23.000+05:53:28,,false,
5,0,0,2020-08-24T14:52:02.443+05:30,2020-08-24T14:52:02.443+05:30,4 months from now,
2,504,1,216371987-06-05T10:18:21.000+05:30,2020-08-24T14:52:02.443+05:30,,false,
2,682,1,27203202-05-26T03:03:09.000+05:30,2020-08-24T14:52:02.443+05:30,,true,
5,0,0,2020-08-24T14:52:02.443+05:30,2020-08-24T14:52:02.443+05:30,next month,
5,0,0,2020-08-24T14:52:02.443+05:30,2020-08-24T14:52:02.443+05:30,last year,
2,770,2,276217764-07-19T02:53:09.000+05:30,2020-08-24T14:52:02.443+05:30,,true,
3,0,1,-114831123-02-20T01:54:27.000+05:53:28,2020-08-24T14:52:02.443+05:30,,
3,0,2,-265405636-05-23T07:20:21.000+05:53:28,2020-08-24T14:52:02.443+05:30,,
3,0,1,198307048-01-21T22:30:35.000+05:30,2020-08-24T14:52:02.443+05:30,,
3,0,2,-269295601-11-11T05:45:16.000+05:53:28,2020-08-24T14:52:02.443+05:30,,
5,0,0,2020-08-24T14:52:02.443+05:30,2020-08-24T14:52:02.443+05:30,last day,
5,0,0,2020-08-24T14:52:02.443+05:30,2020-08-24T14:52:02.443+05:30,4 months from now,
3,0,2,218389639-02-14T04:09:24.000+05:30,2020-08-24T14:52:02.443+05:30,,
4,0,2,-106518039-12-12T05:06:04.000+05:53:28,2020-08-24T14:52:02.443+05:30,,
4,0,2,273314318-08-25T14:45:33.000+05:30,2020-08-24T14:52:02.443+05:30,,
2,544,1,179944667-10-09T02:18:44.000+05:30,2020-08-24T14:52:02.443+05:30,,true,
5,0,0,2020-08-24T14:52:02.443+05:30,2020-08-24T14:52:02.443+05:30,tomorrow,
2,648,2,189584499-02-04T02:38:53.000+05:30,2020-08-24T14:52:02.443+05:30,,true,
1,0,1,188427147-01-22T10:37:29.000+05:30,188427147-01-22T10:37:29.000+05:30,,false,
1,0,1,75445056-04-23T01:01:07.000+05:30,75445056-04-23T01:01:07.000+05:30,,false,
1,0,2,-13585181-05-15T21:07:08.000+05:53:28,-13585181-05-15T21:07:08.000+05:53:28,,false,
3,0,2,-150444696-12-05T23:12:55.000+05:53:28,2020-08-24T14:52:02.443+05:30,,
1,0,2,264810140-04-14T16:10:03.000+05:30,264810140-04-14T16:10:03.000+05:30,,true,
3,0,2,174351240-04-19T23:43:12.000+05:30,2020-08-24T14:52:02.443+05:30,,
4,0,2,-220909492-05-26T22:35:46.000+05:53:28,2020-08-24T14:52:02.443+05:30,,
2,628,2,19950528-11-09T05:43:15.000+05:30,2020-08-24T14:52:02.443+05:30,,false,
5,0,0,2020-08-24T14:52:02.443+05:30,2020-08-24T14:52:02.443+05:30,next day,
1,0,1,-176830952-01-05T01:27:51.000+05:53:28,-176830952-01-05T01:27:51.000+05:53:28,,false,
4,0,2,-95273922-02-25T13:30:45.000+05:53:28,2020-08-24T14:52:02.443+05:30,,
3,0,2,12081938-04-19T15:44:50.000+05:30,2020-08-24T14:52:02.443+05:30,,
2,683,2,102037143-02-19T01:11:50.000+05:30,2020-08-24T14:52:02.443+05:30,,false,
4,0,2,-31981633-03-23T23:10:05.000+05:53:28,2020-08-24T14:52:02.443+05:30,,
5,0,0,2020-08-24T14:52:02.443+05:30,2020-08-24T14:52:02.443+05:30,next year,
5,0,0,2020-08-24T14:52:02.443+05:30,2020-08-24T14:52:02.443+05:30,next year,
2,546,1,-198273048-09-18T00:48:47.000+05:53:28,2020-08-24T14:52:02.443+05:30,,true,
2,398,1,245018846-01-11T19:41:55.000+05:30,2020-08-24T14:52:02.443+05:30,,false,
2,539,1,-274486267-06-29T02:52:30.000+05:53:28,2020-08-24T14:52:02.443+05:30,,false,
2,805,1,245523082-04-14T21:22:14.000+05:30,2020-08-24T14:52:02.443+05:30,,false,
5,0,0,2020-08-24T14:52:02.443+05:30,2020-08-24T14:52:02.443+05:30,next day,
2,66,2,-196971512-01-13T12:08:17.000+05:53:28,2020-08-24T14:52:02.443+05:30,,true,
3,0,1,-71129448-10-10T01:37:01.000+05:53:28,2020-08-24T14:52:02.443+05:30,,
1,0,1,209517100-04-09T10:05:08.000+05:30,209517100-04-09T10:05:08.000+05:30,,true,
3,0,2,248759790-03-19T20:19:43.000+05:30,2020-08-24T14:52:02.443+05:30,,
3,0,1,-186522485-02-18T03:14:09.000+05:53:28,2020-08-24T14:52:02.443+05:30,,
2,780,2,143717487-05-29T03:56:30.000+05:30,2020-08-24T14:52:02.443+05:30,,false,
3,0,2,194299016-02-22T10:19:28.000+05:30,2020-08-24T14:52:02.443+05:30,,
1,0,2,196946138-08-15T02:00:12.000+05:30,196946138-08-15T02:00:12.000+05:30,,true,
3,0,2,-179515459-05-17T22:58:11.000+05:53:28,2020-08-24T14:52:02.443+05:30,,
3,0,1,211714521-03-24T06:53:26.000+05:30,2020-08-24T14:52:02.443+05:30,,
2,335,1,290438513-06-26T05:39:23.000+05:30,2020-08-24T14:52:02.443+05:30,,false,
4,0,1,-242955910-02-26T05:53:20.000+05:53:28,2020-08-24T14:52:02.443+05:30,,
4,0,2,198118962-04-05T15:08:16.000+05:30,2020-08-24T14:52:02.443+05:30,,
1,0,1,290257227-04-03T06:34:15.000+05:30,290257227-04-03T06:34:15.000+05:30,,false,
4,0,2,252445663-08-20T03:12:52.000+05:30,2020-08-24T14:52:02.443+05:30,,
3,0,1,17955518-07-19T09:07:39.000+05:30,2020-08-24T14:52:02.443+05:30,,
5,0,0,2020-08-24T14:52:02.443+05:30,2020-08-24T14:52:02.443+05:30,today,
2,862,2,-209238617-09-23T03:23:05.000+05:53:28,2020-08-24T14:52:02.443+05:30,,false,
5,0,0,2020-08-24T14:52:02.443+05:30,2020-08-24T14:52:02.443+05:30,3 days earlier,
1,0,2,205636241-08-15T21:30:07.000+05:30,205636241-08-15T21:30:07.000+05:30,,true,
5,0,0,2020-08-24T14:52:02.443+05:30,2020-08-24T14:52:02.443+05:30,next day,
1,0,2,-277993837-02-14T08:54:23.000+05:53:28,-277993837-02-14T08:54:23.000+05:53:28,,true,
5,0,0,2020-08-24T14:52:02.443+05:30,2020-08-24T14:52:02.443+05:30,next year,
3,0,1,-230482208-03-05T05:47:16.000+05:53:28,2020-08-24T14:52:02.443+05:30,,
1,0,2,30039944-09-12T12:36:27.000+05:30,30039944-09-12T12:36:27.000+05:30,,false,
5,0,0,2020-08-24T14:52:02.443+05:30,2020-08-24T14:52:02.443+05:30,today,
2,603,1,-260681288-08-05T21:29:48.000+05:53:28,2020-08-24T14:52:02.443+05:30,,false,
4,0,2,-198885205-06-29T12:45:46.000+05:53:28,2020-08-24T14:52:02.443+05:30,,
4,0,1,279118056-08-09T22:40:39.000+05:30,2020-08-24T14:52:02.443+05:30,,
1,0,1,-183670876-11-05T07:07:27.000+05:53:28,-183670876-11-05T07:07:27.000+05:53:28,,true,
3,0,2,-132497790-08-18T17:26:56.000+05:53:28,2020-08-24T14:52:02.443+05:30,,
4,0,2,-192320213-10-04T03:25:48.000+05:53:28,2020-08-24T14:52:02.443+05:30,,
1,0,1,118401745-10-08T18:12:22.000+05:30,118401745-10-08T18:12:22.000+05:30,,false,
5,0,0,2020-08-24T14:52:02.443+05:30,2020-08-24T14:52:02.443+05:30,next day,
2,934,1,-100249428-09-23T21:00:50.000+05:53:28,2020-08-24T14:52:02.443+05:30,,true,
2,178,1,183965231-08-22T22:21:39.000+05:30,2020-08-24T14:52:02.443+05:30,,true,
2,816,2,219743548-07-28T09:54:58.000+05:30,2020-08-24T14:52:02.443+05:30,,true,
3,0,2,-86276865-12-11T22:13:59.000+05:53:28,2020-08-24T14:52:02.443+05:30,,
5,0,0,2020-08-24T14:52:02.443+05:30,2020-08-24T14:52:02.443+05:30,next year,
3,0,1,203897584-03-16T22:28:05.000+05:30,2020-08-24T14:52:02.443+05:30,,
1,0,1,-208858627-01-17T01:45:03.000+05:53:28,-208858627-01-17T01:45:03.000+05:53:28,,true,
1,0,1,241278397-01-07T23:40:57.000+05:30,241278397-01-07T23:40:57.000+05:30,,true,
3,0,1,-187030859-07-07T17:18:47.000+05:53:28,2020-08-24T14:52:02.443+05:30,,
1,0,2,99149438-09-28T17:31:37.000+05:30,99149438-09-28T17:31:37.000+05:30,,true,
4,0,1,-269099095-09-05T21:01:41.000+05:53:28,2020-08-24T14:52:02.443+05:30,,
3,0,1,188171393-04-11T19:07:03.000+05:30,2020-08-24T14:52:02.443+05:30,,
1,0,2,242742052-12-23T12:44:46.000+05:30,242742052-12-23T12:44:46.000+05:30,,false,
5,0,0,2020-08-24T14:52:02.443+05:30,2020-08-24T14:52:02.443+05:30,last day,
2,364,2,78270915-01-19T21:27:45.000+05:30,2020-08-24T14:52:02.443+05:30,,false,
3,0,2,123351581-09-25T22:47:21.000+05:30,2020-08-24T14:52:02.443+05:30,,
1,0,1,-187973757-08-05T10:42:09.000+05:53:28,-187973757-08-05T10:42:09.000+05:53:28,,false,
4,0,1,172043896-01-07T20:32:23.000+05:30,2020-08-24T14:52:02.443+05:30,,
4,0,1,-28230841-02-17T03:53:23.000+05:53:28,2020-08-24T14:52:02.443+05:30,,
1,0,1,158144537-12-04T09:02:21.000+05:30,158144537-12-04T09:02:21.000+05:30,,true,
1,0,2,-291487828-02-29T01:51:32.000+05:53:28,-291487828-02-29T01:51:32.000+05:53:28,,true,
2,921,2,-44482882-10-05T12:48:25.000+05:53:28,2020-08-24T14:52:02.443+05:30,,false,
4,0,2,72657359-11-05T07:45:14.000+05:30,2020-08-24T14:52:02.443+05:30,,
5,0,0,2020-08-24T14:52:02.443+05:30,2020-08-24T14:52:02.443+05:30,last year,
2,387,2,104203491-11-13T20:03:33.000+05:30,2020-08-24T14:52:02.443+05:30,,true,
2,547,2,-257575721-09-21T18:55:14.000+05:53:28,2020-08-24T14:52:02.443+05:30,,true,
1,0,2,142837207-12-18T22:20:21.000+05:30,142837207-12-18T22:20:21.000+05:30,,false,
4,0,1,124227153-11-27T14:41:59.000+05:30,2020-08-24T14:52:02.443+05:30,,
5,0,0,2020-08-24T14:52:02.443+05:30,2020-08-24T14:52:02.443+05:30,last day,
3,0,2,191117514-12-27T01:41:33.000+05:30,2020-08-24T14:52:02.443+05:30,,
4,0,2,178924804-01-15T01:20:01.000+05:30,2020-08-24T14:52:02.443+05:30,,
2,581,2,-50698314-12-22T01:14:51.000+05:53:28,2020-08-24T14:52:02.443+05:30,,false,
2,584,1,-48919703-04-01T02:37:01.000+05:53:28,2020-08-24T14:52:02.443+05:30,,false,
1,0,2,180633530-07-25T17:47:17.000+05:30,180633530-07-25T17:47:17.000+05:30,,false,
1,0,2,-7807281-09-11T02:23:44.000+05:53:28,-7807281-09-11T02:23:44.000+05:53:28,,false,
5,0,0,2020-08-24T14:52:02.443+05:30,2020-08-24T14:52:02.443+05:30,tomorrow,
4,0,2,-173727276-05-05T08:08:50.000+05:53:28,2020-08-24T14:52:02.443+05:30,,
3,0,2,-153050622-06-02T14:11:56.000+05:53:28,2020-08-24T14:52:02.443+05:30,,
1,0,2,-234573491-02-21T14:57:21.000+05:53:28,-234573491-02-21T14:57:21.000+05:53:28,,false,
5,0,0,2020-08-24T14:52:02.443+05:30,2020-08-24T14:52:02.443+05:30,last year,
5,0,0,2020-08-24T14:52:02.443+05:30,2020-08-24T14:52:02.443+05:30,next month,
2,508,1,213229179-09-21T05:44:07.000+05:30,2020-08-24T14:52:02.443+05:30,,false,
4,0,2,52523796-12-23T19:44:24.000+05:30,2020-08-24T14:52:02.443+05:30,,
5,0,0,2020-08-24T14:52:02.443+05:30,2020-08-24T14:52:02.443+05:30,next month,
5,0,0,2020-08-24T14:52:02.443+05:30,2020-08-24T14:52:02.443+05:30,today,
2,269,2,-236424760-01-22T08:59:25.000+05:53:28,2020-08-24T14:52:02.443+05:30,,true,
2,222,1,138636662-04-07T06:30:00.000+05:30,2020-08-24T14:52:02.443+05:30,,false,
4,0,2,134297167-08-10T05:59:35.000+05:30,2020-08-24T14:52:02.443+05:30,,
3,0,2,193331915-10-07T17:15:15.000+05:30,2020-08-24T14:52:02.443+05:30,,
1,0,1,241431107-02-23T02:39:07.000+05:30,241431107-02-23T02:39:07.000+05:30,,false,
1,0,2,-40010308-11-28T09:39:11.000+05:53:28,-40010308-11-28T09:39:11.000+05:53:28,,false,
5,0,0,2020-08-24T14:52:02.443+05:30,2020-08-24T14:52:02.443+05:30,last week,
5,0,0,2020-08-24T14:52:02.443+05:30,2020-08-24T14:52:02.443+05:30,3 days earlier,
2,404,1,-211447465-01-16T08:49:04.000+05:53:28,2020-08-24T14:52:02.443+05:30,,true,
1,0,1,102299416-10-17T06:47:01.000+05:30,102299416-10-17T06:47:01.000+05:30,,true,
5,0,0,2020-08-24T14:52:02.443+05:30,2020-08-24T14:52:02.443+05:30,last week,
1,0,2,290049737-09-06T01:09:38.000+05:30,290049737-09-06T01:09:38.000+05:30,,false,
4,0,1,-167266413-04-10T16:46:21.000+05:53:28,2020-08-24T14:52:02.443+05:30,,
5,0,0,2020-08-24T14:52:02.443+05:30,2020-08-24T14:52:02.443+05:30,next day,
2,686,1,258352987-03-01T09:27:59.000+05:30,2020-08-24T14:52:02.443+05:30,,true,
4,0,2,-57112756-02-12T23:07:32.000+05:53:28,2020-08-24T14:52:02.443+05:30,,
3,0,1,178006378-10-20T13:11:09.000+05:30,2020-08-24T14:52:02.443+05:30,,
4,0,1,119328126-04-11T17:03:55.000+05:30,2020-08-24T14:52:02.443+05:30,,
3,0,1,151215446-02-12T13:37:37.000+05:30,2020-08-24T14:52:02.443+05:30,,
2,835,2,220582043-05-31T18:41:19.000+05:30,2020-08-24T14:52:02.443+05:30,,false,
3,0,2,-19967022-08-20T00:37:54.000+05:53:28,2020-08-24T14:52:02.444+05:30,,
5,0,0,2020-08-24T14:52:02.444+05:30,2020-08-24T14:52:02.444+05:30,next day,
4,0,1,-236740778-06-14T09:29:47.000+05:53:28,2020-08-24T14:52:02.444+05:30,,
4,0,1,-1973581-12-30T20:56:04.000+05:53:28,2020-08-24T14:52:02.444+05:30,,
2,859,2,208518286-11-03T16:17:55.000+05:30,2020-08-24T14:52:02.444+05:30,,false,
3,0,2,151768815-07-09T11:56:39.000+05:30,2020-08-24T14:52:02.444+05:30,,
3,0,2,-74201607-06-29T10:58:31.000+05:53:28,2020-08-24T14:52:02.444+05:30,,
5,0,0,2020-08-24T14:52:02.444+05:30,2020-08-24T14:52:02.444+05:30,next month,
1,0,2,-3921972-05-03T02:54:32.000+05:53:28,-3921972-05-03T02:54:32.000+05:53:28,,false,
4,0,1,187692668-01-14T03:40:55.000+05:30,2020-08-24T14:52:02.444+05:30,,
2,256,2,47552015-03-26T02:02:58.000+05:30,2020-08-24T14:52:02.444+05:30,,true,
1,0,1,207511144-03-05T08:32:27.000+05:30,207511144-03-05T08:32:27.000+05:30,,false,
3,0,1,-65984972-10-05T01:05:05.000+05:53:28,2020-08-24T14:52:02.445+05:30,,
5,0,0,2020-08-24T14:52:02.445+05:30,2020-08-24T14:52:02.445+05:30,next year,
2,52,1,259036234-04-18T18:42:43.000+05:30,2020-08-24T14:52:02.445+05:30,,true,
5,0,0,2020-08-24T14:52:02.445+05:30,2020-08-24T14:52:02.445+05:30,next day,
4,0,1,-105789600-08-07T19:44:20.000+05:53:28,2020-08-24T14:52:02.445+05:30,,
1,0,1,251392769-11-18T04:47:09.000+05:30,251392769-11-18T04:47:09.000+05:30,,true,
2,631,2,177476089-01-20T08:54:00.000+05:30,2020-08-24T14:52:02.445+05:30,,true,
1,0,1,184204909-08-21T22:30:09.000+05:30,184204909-08-21T22:30:09.000+05:30,,false,
3,0,2,145707490-06-25T21:27:54.000+05:30,2020-08-24T14:52:02.445+05:30,,
2,470,2,157390889-06-25T16:06:59.000+05:30,2020-08-24T14:52:02.445+05:30,,true,
2,276,1,-17395846-11-29T00:40:50.000+05:53:28,2020-08-24T14:52:02.445+05:30,,false,
4,0,1,100342381-10-06T20:22:18.000+05:30,2020-08-24T14:52:02.445+05:30,,
5,0,0,2020-08-24T14:52:02.445+05:30,2020-08-24T14:52:02.445+05:30,next year,
3,0,2,35975960-05-29T13:32:18.000+05:30,2020-08-24T14:52:02.445+05:30,,
2,584,2,-184394863-09-24T17:37:24.000+05:53:28,2020-08-24T14:52:02.445+05:30,,false,
4,0,2,-102940286-12-13T16:40:37.000+05:53:28,2020-08-24T14:52:02.445+05:30,,
4,0,2,284829291-08-19T00:47:40.000+05:30,2020-08-24T14:52:02.445+05:30,,
1,0,1,-90754937-04-19T18:06:41.000+05:53:28,-90754937-04-19T18:06:41.000+05:53:28,,false,
4,0,2,-130297769-05-26T03:35:02.000+05:53:28,2020-08-24T14:52:02.445+05:30,,
3,0,1,103125683-04-28T12:10:10.000+05:30,2020-08-24T14:52:02.445+05:30,,
3,0,2,204887827-01-07T14:49:27.000+05:30,2020-08-24T14:52:02.445+05:30,,
4,0,1,208562273-12-23T05:12:31.000+05:30,2020-08-24T14:52:02.445+05:30,,
2,206,2,-290003296-11-26T12:33:26.000+05:53:28,2020-08-24T14:52:02.445+05:30,,false,
1,0,2,-202275957-09-12T16:19:40.000+05:53:28,-202275957-09-12T16:19:40.000+05:53:28,,true,
5,0,0,2020-08-24T14:52:02.445+05:30,2020-08-24T14:52:02.445+05:30,next day,
2,926,2,198263747-03-01T04:23:31.000+05:30,2020-08-24T14:52:02.445+05:30,,true,
1,0,1,-78254858-11-12T22:33:08.000+05:53:28,-78254858-11-12T22:33:08.000+05:53:28,,true,
2,857,2,21557667-11-11T08:02:51.000+05:30,2020-08-24T14:52:02.445+05:30,,true,
5,0,0,2020-08-24T14:52:02.445+05:30,2020-08-24T14:52:02.445+05:30,3 days earlier,
1,0,2,-10667299-07-10T02:33:57.000+05:53:28,-10667299-07-10T02:33:57.000+05:53:28,,false,
3,0,2,-174648960-07-28T19:35:56.000+05:53:28,2020-08-24T14:52:02.445+05:30,,
1,0,2,-282110854-05-12T04:56:17.000+05:53:28,-282110854-05-12T04:56:17.000+05:53:28,,false,
3,0,1,125394523-07-16T08:06:35.000+05:30,2020-08-24T14:52:02.445+05:30,,
4,0,2,-140468233-10-08T06:43:28.000+05:53:28,2020-08-24T14:52:02.445+05:30,,
1,0,2,75810365-09-15T21:55:27.000+05:30,75810365-09-15T21:55:27.000+05:30,,true,
3,0,1,241263598-01-26T07:09:39.000+05:30,2020-08-24T14:52:02.445+05:30,,
3,0,1,55783505-06-10T13:24:44.000+05:30,2020-08-24T14:52:02.445+05:30,,
5,0,0,2020-08-24T14:52:02.445+05:30,2020-08-24T14:52:02.445+05:30,next year,
3,0,1,5456966-03-15T19:58:14.000+05:30,2020-08-24T14:52:02.445+05:30,,
2,516,2,224734247-01-04T17:29:33.000+05:30,2020-08-24T14:52:02.445+05:30,,true,
3,0,2,220837067-06-03T02:30:42.000+05:30,2020-08-24T14:52:02.445+05:30,,
4,0,1,65851255-12-11T01:11:34.000+05:30,2020-08-24T14:52:02.445+05:30,,
2,293,1,35978291-11-29T00:11:36.000+05:30,2020-08-24T14:52:02.445+05:30,,false,
4,0,1,163612475-07-30T20:49:57.000+05:30,2020-08-24T14:52:02.445+05:30,,
2,90,2,195746557-03-23T09:30:10.000+05:30,2020-08-24T14:52:02.445+05:30,,true,
1,0,2,50713296-10-04T14:47:37.000+05:30,50713296-10-04T14:47:37.000+05:30,,false,
1,0,2,-71903136-05-13T10:12:55.000+05:53:28,-71903136-05-13T10:12:55.000+05:53:28,,true,
3,0,1,168717141-09-22T17:03:41.000+05:30,2020-08-24T14:52:02.445+05:30,,
1,0,2,7976258-04-20T07:42:25.000+05:30,7976258-04-20T07:42:25.000+05:30,,false,
4,0,2,-274600250-07-09T22:20:54.000+05:53:28,2020-08-24T14:52:02.445+05:30,,
1,0,1,102068217-09-11T08:32:49.000+05:30,102068217-09-11T08:32:49.000+05:30,,true,
4,0,1,-21832350-06-22T18:10:08.000+05:53:28,2020-08-24T14:52:02.445+05:30,,
2,649,1,-150429398-09-29T18:38:21.000+05:53:28,2020-08-24T14:52:02.445+05:30,,false,
4,0,1,8285764-11-13T21:15:40.000+05:30,2020-08-24T14:52:02.445+05:30,,
4,0,2,66085612-06-22T16:27:16.000+05:30,2020-08-24T14:52:02.445+05:30,,
5,0,0,2020-08-24T14:52:02.445+05:30,2020-08-24T14:52:02.445+05:30,4 months from now,
4,0,2,78460278-03-31T17:41:52.000+05:30,2020-08-24T14:52:02.445+05:30,,
1,0,1,-226811589-11-18T14:49:35.000+05:53:28,-226811589-11-18T14:49:35.000+05:53:28,,false,
1,0,2,50827241-02-04T07:08:06.000+05:30,50827241-02-04T07:08:06.000+05:30,,false,
2,130,1,207357180-11-15T07:31:51.000+05:30,2020-08-24T14:52:02.445+05:30,,false,
2,537,1,-32197149-05-07T02:06:44.000+05:53:28,2020-08-24T14:52:02.445+05:30,,true,
3,0,1,102007642-02-21T23:27:32.000+05:30,2020-08-24T14:52:02.445+05:30,,
1,0,2,-73300859-08-23T21:32:44.000+05:53:28,-73300859-08-23T21:32:44.000+05:53:28,,true,
4,0,2,107394301-08-24T23:33:34.000+05:30,2020-08-24T14:52:02.445+05:30,,
2,689,2,-169943448-01-05T23:48:02.000+05:53:28,2020-08-24T14:52:02.445+05:30,,false,
2,860,2,-131577168-02-04T11:11:21.000+05:53:28,2020-08-24T14:52:02.445+05:30,,true,
2,904,2,69354941-10-14T10:28:04.000+05:30,2020-08-24T14:52:02.445+05:30,,false,
4,0,2,31883644-10-17T02:33:11.000+05:30,2020-08-24T14:52:02.445+05:30,,
2,896,2,7077726-12-06T09:20:40.000+05:30,2020-08-24T14:52:02.445+05:30,,true,
5,0,0,2020-08-24T14:52:02.445+05:30,2020-08-24T14:52:02.445+05:30,last year,
5,0,0,2020-08-24T14:52:02.445+05:30,2020-08-24T14:52:02.445+05:30,today,
2,885,1,-56010542-02-19T08:52:43.000+05:53:28,2020-08-24T14:52:02.445+05:30,,true,
1,0,1,278982181-12-06T10:14:03.000+05:30,278982181-12-06T10:14:03.000+05:30,,false,
4,0,2,-62496638-10-23T01:08:39.000+05:53:28,2020-08-24T14:52:02.445+05:30,,
3,0,2,-19520219-06-15T01:44:28.000+05:53:28,2020-08-24T14:52:02.445+05:30,,
5,0,0,2020-08-24T14:52:02.445+05:30,2020-08-24T14:52:02.445+05:30,last week,
4,0,2,169108852-09-16T02:13:56.000+05:30,2020-08-24T14:52:02.445+05:30,,
4,0,1,26800269-05-27T01:41:58.000+05:30,2020-08-24T14:52:02.445+05:30,,
5,0,0,2020-08-24T14:52:02.445+05:30,2020-08-24T14:52:02.445+05:30,next month,
4,0,2,93993327-06-13T02:30:37.000+05:30,2020-08-24T14:52:02.445+05:30,,
5,0,0,2020-08-24T14:52:02.445+05:30,2020-08-24T14:52:02.445+05:30,next year,
3,0,1,109144436-05-19T01:21:47.000+05:30,2020-08-24T14:52:02.445+05:30,,
2,658,2,-103289710-01-07T01:08:00.000+05:53:28,2020-08-24T14:52:02.445+05:30,,false,
5,0,0,2020-08-24T14:52:02.445+05:30,2020-08-24T14:52:02.445+05:30,next year,
3,0,2,-38480655-09-22T02:20:55.000+05:53:28,2020-08-24T14:52:02.445+05:30,,
5,0,0,2020-08-24T14:52:02.445+05:30,2020-08-24T14:52:02.445+05:30,3 days earlier,
2,69,2,104767206-08-31T15:04:04.000+05:30,2020-08-24T14:52:02.445+05:30,,true,
2,362,1,-255062806-07-06T13:01:00.000+05:53:28,2020-08-24T14:52:02.445+05:30,,false,
5,0,0,2020-08-24T14:52:02.445+05:30,2020-08-24T14:52:02.445+05:30,last year,
4,0,2,221994944-01-08T01:19:08.000+05:30,2020-08-24T14:52:02.445+05:30,,
3,0,2,145309890-03-07T06:49:48.000+05:30,2020-08-24T14:52:02.445+05:30,,
1,0,2,-198820021-06-26T11:50:13.000+05:53:28,-198820021-06-26T11:50:13.000+05:53:28,,true,
3,0,1,-150637838-09-15T11:29:47.000+05:53:28,2020-08-24T14:52:02.445+05:30,,
1,0,1,-113903991-08-08T12:09:57.000+05:53:28,-113903991-08-08T12:09:57.000+05:53:28,,false,
3,0,1,-280637543-04-23T00:20:04.000+05:53:28,2020-08-24T14:52:02.445+05:30,,
4,0,2,240294979-06-06T21:29:54.000+05:30,2020-08-24T14:52:02.445+05:30,,
5,0,0,2020-08-24T14:52:02.445+05:30,2020-08-24T14:52:02.445+05:30,today,
5,0,0,2020-08-24T14:52:02.445+05:30,2020-08-24T14:52:02.445+05:30,last week,
2,465,2,-8326344-03-19T07:41:15.000+05:53:28,2020-08-24T14:52:02.445+05:30,,false,
5,0,0,2020-08-24T14:52:02.445+05:30,2020-08-24T14:52:02.445+05:30,tomorrow,
4,0,2,264771187-05-14T06:05:20.000+05:30,2020-08-24T14:52:02.445+05:30,,
3,0,2,-43575170-10-22T09:44:24.000+05:53:28,2020-08-24T14:52:02.445+05:30,,
3,0,1,-154723901-07-21T18:59:02.000+05:53:28,2020-08-24T14:52:02.445+05:30,,
2,221,2,-158949159-06-28T10:54:46.000+05:53:28,2020-08-24T14:52:02.445+05:30,,true,
1,0,2,464931-11-14T10:26:19.000+05:30,464931-11-14T10:26:19.000+05:30,,false,
2,433,1,-230793708-07-22T00:42:24.000+05:53:28,2020-08-24T14:52:02.445+05:30,,true,
3,0,2,-188715985-06-26T20:43:07.000+05:53:28,2020-08-24T14:52:02.445+05:30,,
